Workbook

Sheet RAW_Data
A2: Please fill in to below blank.
A3: DUT name | C3: FW ver | E3: used Python script | G3: DS-TWR_xxxxxxxxxxxxx.py
A4: Channel | C4: Anntena pitch | E4: XXmm
A6: Please share us raw data of more than 10 times measurement data, not only Average data.
A7: Example data for 30times measurement.
A8: H | B8: V | E8: NLOS | F8: Dist | G8: AoA1 | H8: AoA2 | I8: PDoA1 | J8: PDoA2
A9: -60 | B9: -60 | C9: ***(0) | D9: NLos | E9: 0 | F9: 191 | G9: -60 | H9: -60 | I9: 133.57812 | J9: -63.28125
A10: -60 | B10: -60 | C10: ***(1) | D10: NLos | E10: 0 | F10: 188 | G10: -60 | H10: -60 | I10: 134.78125 | J10: -54.84375
A11: -60 | B11: -60 | C11: ***(2) | D11: NLos | E11: 0 | F11: 190 | G11: -60 | H11: -60 | I11: 133.48438 | J11: -63.046875
A12: -60 | B12: -60 | C12: ***(3) | D12: NLos | E12: 0 | F12: 187 | G12: -60 | H12: -60 | I12: 127.625 | J12: -61.90625
A13: -60 | B13: -60 | C13: ***(4) | D13: NLos | E13: 0 | F13: 183 | G13: -60 | H13: -60 | I13: 132.85938 | J13: -65.109375
A14: -60 | B14: -60 | C14: ***(5) | D14: NLos | E14: 0 | F14: 189 | G14: -60 | H14: -60 | I14: 132.1875 | J14: -54.328125
A15: -60 | B15: -60 | C15: ***(6) | D15: NLos | E15: 0 | F15: 193 | G15: -60 | H15: -60 | I15: 131.73438 | J15: -62.09375
A16: -60 | B16: -60 | C16: ***(7) | D16: NLos | E16: 0 | F16: 184 | G16: -60 | H16: -60 | I16: 126.03125 | J16: -57.1875
A17: -60 | B17: -60 | C17: ***(8) | D17: NLos | E17: 0 | F17: 186 | G17: -60 | H17: -60 | I17: 126.89062 | J17: -61.515625
A18: -60 | B18: -60 | C18: ***(9) | D18: NLos | E18: 0 | F18: 182 | G18: -60 | H18: -60 | I18: 131.9375 | J18: -60.09375
A19: -60 | B19: -60 | C19: ***(10) | D19: NLos | E19: 0 | F19: 186 | G19: -60 | H19: -60 | I19: 132.39062 | J19: -67.78125
A20: -60 | B20: -60 | C20: ***(11) | D20: NLos | E20: 0 | F20: 182 | G20: -60 | H20: -60 | I20: 132.8125 | J20: -68.765625
... A3671: 60 | B3671: 60 | C3671: ***(29) | D3671: NLos | E3671: 0 | F3671: 186 | G3671: -60 | H3671: -60 | I3671: -139.23438 | J3671: 37.375

Sheet Average_STDEV
A2: Example: Average and STDEV with 30times measurement
A3: Average | I3: STDEV
A4: H | B4: V | C4: NLOS | D4: Dist | E4: AoA1 | F4: AoA2 | G4: PDoA1 | H4: PDoA2 | I4: Dist | J4: AoA1 | K4: AoA2 | L4: PDoA1 | M4: PDoA2
A5: =AVERAGE(RAW_Data!A9:A38) -> -60 | B5: =AVERAGE(RAW_Data!B9:B38) -> -60 | C5: =AVERAGE(RAW_Data!E9:E38) -> 0 | D5: =AVERAGE(RAW_Data!F9:F38) -> 188.26667 | E5: =AVERAGE(RAW_Data!G9:G38) -> -60 | F5: =AVERAGE(RAW_Data!H9:H38) -> -60 | G5: =AVERAGE(RAW_Data!I9:I38) -> 130.90365 | H5: =AVERAGE(RAW_Data!J9:J38) -> -60.911979 | I5: =STDEV(RAW_Data!F9:F38) -> 4.2012587 | J5: =STDEV(RAW_Data!G9:G38) -> 0 | K5: =STDEV(RAW_Data!H9:H38) -> 0 | L5: =STDEV(RAW_Data!I9:I38) -> 2.9723863 | M5: =STDEV(RAW_Data!J9:J38) -> 4.1327918
A6: =AVERAGE(RAW_Data!A39:A68) -> -48 | B6: =AVERAGE(RAW_Data!B39:B68) -> -60 | C6: =AVERAGE(RAW_Data!E39:E68) -> 0 | D6: =AVERAGE(RAW_Data!F39:F68) -> 181.63333 | E6: =AVERAGE(RAW_Data!G39:G68) -> -60 | F6: =AVERAGE(RAW_Data!H39:H68) -> -60 | G6: =AVERAGE(RAW_Data!I39:I68) -> 101.52552 | H6: =AVERAGE(RAW_Data!J39:J68) -> -87.848438 | I6: =STDEV(RAW_Data!F39:F68) -> 7.7436663 | J6: =STDEV(RAW_Data!G39:G68) -> 0 | K6: =STDEV(RAW_Data!H39:H68) -> 0 | L6: =STDEV(RAW_Data!I39:I68) -> 2.3059067 | M6: =STDEV(RAW_Data!J39:J68) -> 2.9210124
A7: =AVERAGE(RAW_Data!A69:A98) -> -36 | B7: =AVERAGE(RAW_Data!B69:B98) -> -60 | C7: =AVERAGE(RAW_Data!E69:E98) -> 0 | D7: =AVERAGE(RAW_Data!F69:F98) -> 182.86667 | E7: =AVERAGE(RAW_Data!G69:G98) -> -60 | F7: =AVERAGE(RAW_Data!H69:H98) -> -60 | G7: =AVERAGE(RAW_Data!I69:I98) -> 69.159375 | H7: =AVERAGE(RAW_Data!J69:J98) -> -105.31719 | I7: =STDEV(RAW_Data!F69:F98) -> 6.8366827 | J7: =STDEV(RAW_Data!G69:G98) -> 0 | K7: =STDEV(RAW_Data!H69:H98) -> 0 | L7: =STDEV(RAW_Data!I69:I98) -> 1.3034659 | M7: =STDEV(RAW_Data!J69:J98) -> 2.8197618
A8: =AVERAGE(RAW_Data!A99:A128) -> -24 | B8: =AVERAGE(RAW_Data!B99:B128) -> -60 | C8: =AVERAGE(RAW_Data!E99:E128) -> 0 | D8: =AVERAGE(RAW_Data!F99:F128) -> 188.56667 | E8: =AVERAGE(RAW_Data!G99:G128) -> -60 | F8: =AVERAGE(RAW_Data!H99:H128) -> -60 | G8: =AVERAGE(RAW_Data!I99:I128) -> 49.997396 | H8: =AVERAGE(RAW_Data!J99:J128) -> -107.7151 | I8: =STDEV(RAW_Data!F99:F128) -> 3.1697202 | J8: =STDEV(RAW_Data!G99:G128) -> 0 | K8: =STDEV(RAW_Data!H99:H128) -> 0 | L8: =STDEV(RAW_Data!I99:I128) -> 1.5019747 | M8: =STDEV(RAW_Data!J99:J128) -> 2.5453646
A9: =AVERAGE(RAW_Data!A130:A159) -> -12 | B9: =AVERAGE(RAW_Data!B130:B159) -> -60 | C9: =AVERAGE(RAW_Data!E130:E159) -> 0 | D9: =AVERAGE(RAW_Data!F130:F159) -> 187.16667 | E9: =AVERAGE(RAW_Data!G130:G159) -> -60 | F9: =AVERAGE(RAW_Data!H130:H159) -> -60 | G9: =AVERAGE(RAW_Data!I130:I159) -> 15.895833 | H9: =AVERAGE(RAW_Data!J130:J159) -> -104.69948 | I9: =STDEV(RAW_Data!F130:F159) -> 2.6663074 | J9: =STDEV(RAW_Data!G130:G159) -> 0 | K9: =STDEV(RAW_Data!H130:H159) -> 0 | L9: =STDEV(RAW_Data!I130:I159) -> 1.2830906 | M9: =STDEV(RAW_Data!J130:J159) -> 2.2319215
A10: =AVERAGE(RAW_Data!A161:A190) -> 0 | B10: =AVERAGE(RAW_Data!B161:B190) -> -60 | C10: =AVERAGE(RAW_Data!E161:E190) -> 0 | D10: =AVERAGE(RAW_Data!F161:F190) -> 187.33333 | E10: =AVERAGE(RAW_Data!G161:G190) -> -60 | F10: =AVERAGE(RAW_Data!H161:H190) -> -60 | G10: =AVERAGE(RAW_Data!I161:I190) -> -16.284896 | H10: =AVERAGE(RAW_Data!J161:J190) -> -106.35052 | I10: =STDEV(RAW_Data!F161:F190) -> 2.6305019 | J10: =STDEV(RAW_Data!G161:G190) -> 0 | K10: =STDEV(RAW_Data!H161:H190) -> 0 | L10: =STDEV(RAW_Data!I161:I190) -> 1.6251382 | M10: =STDEV(RAW_Data!J161:J190) -> 2.2393136
A11: =AVERAGE(RAW_Data!A191:A220) -> 12 | B11: =AVERAGE(RAW_Data!B191:B220) -> -60 | C11: =AVERAGE(RAW_Data!E191:E220) -> 0 | D11: =AVERAGE(RAW_Data!F191:F220) -> 187.53333 | E11: =AVERAGE(RAW_Data!G191:G220) -> -60 | F11: =AVERAGE(RAW_Data!H191:H220) -> -60 | G11: =AVERAGE(RAW_Data!I191:I220) -> -47.579167 | H11: =AVERAGE(RAW_Data!J191:J220) -> -110.71875 | I11: =STDEV(RAW_Data!F191:F220) -> 2.9680289 | J11: =STDEV(RAW_Data!G191:G220) -> 0 | K11: =STDEV(RAW_Data!H191:H220) -> 0 | L11: =STDEV(RAW_Data!I191:I220) -> 2.0410941 | M11: =STDEV(RAW_Data!J191:J220) -> 1.8686494
A12: =AVERAGE(RAW_Data!A221:A250) -> 24 | B12: =AVERAGE(RAW_Data!B221:B250) -> -60 | C12: =AVERAGE(RAW_Data!E221:E250) -> 0 | D12: =AVERAGE(RAW_Data!F221:F250) -> 186.53333 | E12: =AVERAGE(RAW_Data!G221:G250) -> -60 | F12: =AVERAGE(RAW_Data!H221:H250) -> -60 | G12: =AVERAGE(RAW_Data!I221:I250) -> -79.28125 | H12: =AVERAGE(RAW_Data!J221:J250) -> -111.45 | I12: =STDEV(RAW_Data!F221:F250) -> 2.7509664 | J12: =STDEV(RAW_Data!G221:G250) -> 0 | K12: =STDEV(RAW_Data!H221:H250) -> 0 | L12: =STDEV(RAW_Data!I221:I250) -> 2.0933841 | M12: =STDEV(RAW_Data!J221:J250) -> 3.0572599
A13: =AVERAGE(RAW_Data!A252:A281) -> 36 | B13: =AVERAGE(RAW_Data!B252:B281) -> -60 | C13: =AVERAGE(RAW_Data!E252:E281) -> 0 | D13: =AVERAGE(RAW_Data!F252:F281) -> 187.16667 | E13: =AVERAGE(RAW_Data!G252:G281) -> -60 | F13: =AVERAGE(RAW_Data!H252:H281) -> -60 | G13: =AVERAGE(RAW_Data!I252:I281) -> -92.95625 | H13: =AVERAGE(RAW_Data!J252:J281) -> -108.87969 | I13: =STDEV(RAW_Data!F252:F281) -> 2.9720924 | J13: =STDEV(RAW_Data!G252:G281) -> 0 | K13: =STDEV(RAW_Data!H252:H281) -> 0 | L13: =STDEV(RAW_Data!I252:I281) -> 0.97607768 | M13: =STDEV(RAW_Data!J252:J281) -> 1.7112894
A14: =AVERAGE(RAW_Data!A282:A311) -> 48 | B14: =AVERAGE(RAW_Data!B282:B311) -> -60 | C14: =AVERAGE(RAW_Data!E282:E311) -> 0 | D14: =AVERAGE(RAW_Data!F282:F311) -> 185.86667 | E14: =AVERAGE(RAW_Data!G282:G311) -> -60 | F14: =AVERAGE(RAW_Data!H282:H311) -> -60 | G14: =AVERAGE(RAW_Data!I282:I311) -> -114.5625 | H14: =AVERAGE(RAW_Data!J282:J311) -> -96.759375 | I14: =STDEV(RAW_Data!F282:F311) -> 3.6268475 | J14: =STDEV(RAW_Data!G282:G311) -> 0 | K14: =STDEV(RAW_Data!H282:H311) -> 0 | L14: =STDEV(RAW_Data!I282:I311) -> 2.0675185 | M14: =STDEV(RAW_Data!J282:J311) -> 3.5548106
A15: =AVERAGE(RAW_Data!A312:A341) -> 60 | B15: =AVERAGE(RAW_Data!B312:B341) -> -60 | C15: =AVERAGE(RAW_Data!E312:E341) -> 0 | D15: =AVERAGE(RAW_Data!F312:F341) -> 185.86667 | E15: =AVERAGE(RAW_Data!G312:G341) -> -60 | F15: =AVERAGE(RAW_Data!H312:H341) -> -60 | G15: =AVERAGE(RAW_Data!I312:I341) -> -145.43594 | H15: =AVERAGE(RAW_Data!J312:J341) -> -89.525521 | I15: =STDEV(RAW_Data!F312:F341) -> 2.8735816 | J15: =STDEV(RAW_Data!G312:G341) -> 0 | K15: =STDEV(RAW_Data!H312:H341) -> 0 | L15: =STDEV(RAW_Data!I312:I341) -> 1.6911098 | M15: =STDEV(RAW_Data!J312:J341) -> 2.9184991
A16: =AVERAGE(RAW_Data!A343:A372) -> -60 | B16: =AVERAGE(RAW_Data!B343:B372) -> -48 | C16: =AVERAGE(RAW_Data!E343:E372) -> 0 | D16: =AVERAGE(RAW_Data!F343:F372) -> 186.6 | E16: =AVERAGE(RAW_Data!G343:G372) -> -60 | F16: =AVERAGE(RAW_Data!H343:H372) -> -60 | G16: =AVERAGE(RAW_Data!I343:I372) -> 121.11146 | H16: =AVERAGE(RAW_Data!J343:J372) -> -65.723438 | I16: =STDEV(RAW_Data!F343:F372) -> 3.3072543 | J16: =STDEV(RAW_Data!G343:G372) -> 0 | K16: =STDEV(RAW_Data!H343:H372) -> 0 | L16: =STDEV(RAW_Data!I343:I372) -> 1.6197888 | M16: =STDEV(RAW_Data!J343:J372) -> 2.7347156 | P16: -60 | Q16: -48 | R16: -36 | S16: -24 | T16: -12 | U16: 0 | V16: 12 | W16: 24 | X16: 36 | Y16: 48 | Z16: 60
A17: =AVERAGE(RAW_Data!A373:A402) -> -48 | B17: =AVERAGE(RAW_Data!B373:B402) -> -48 | C17: =AVERAGE(RAW_Data!E373:E402) -> 0 | D17: =AVERAGE(RAW_Data!F373:F402) -> 181.93333 | E17: =AVERAGE(RAW_Data!G373:G402) -> -60 | F17: =AVERAGE(RAW_Data!H373:H402) -> -60 | G17: =AVERAGE(RAW_Data!I373:I402) -> 105.35469 | H17: =AVERAGE(RAW_Data!J373:J402) -> -65.308854 | I17: =STDEV(RAW_Data!F373:F402) -> 4.0252079 | J17: =STDEV(RAW_Data!G373:G402) -> 0 | K17: =STDEV(RAW_Data!H373:H402) -> 0 | L17: =STDEV(RAW_Data!I373:I402) -> 2.9830846 | M17: =STDEV(RAW_Data!J373:J402) -> 2.9415802 | P17: =$H$5 -> -60.911979 | Q17: =$H$6 -> -87.848438 | R17: =$H$7 -> -105.31719 | S17: =$H$8 -> -107.7151 | T17: =$H$9 -> -104.69948 | U17: =$H$10 -> -106.35052 | V17: =$H$11 -> -110.71875 | W17: =$H$12 -> -111.45 | X17: =$H$13 -> -108.87969 | Y17: =$H$14 -> -96.759375 | Z17: =$H$15 -> -89.525521
A18: =AVERAGE(RAW_Data!A404:A433) -> -36 | B18: =AVERAGE(RAW_Data!B404:B433) -> -48 | C18: =AVERAGE(RAW_Data!E404:E433) -> 0 | D18: =AVERAGE(RAW_Data!F404:F433) -> 183.96667 | E18: =AVERAGE(RAW_Data!G404:G433) -> -60 | F18: =AVERAGE(RAW_Data!H404:H433) -> -60 | G18: =AVERAGE(RAW_Data!I404:I433) -> 67.864583 | H18: =AVERAGE(RAW_Data!J404:J433) -> -82.328125 | I18: =STDEV(RAW_Data!F404:F433) -> 3.2955909 | J18: =STDEV(RAW_Data!G404:G433) -> 0 | K18: =STDEV(RAW_Data!H404:H433) -> 0 | L18: =STDEV(RAW_Data!I404:I433) -> 1.105649 | M18: =STDEV(RAW_Data!J404:J433) -> 2.9796985 | P18: =$H$16 -> -65.723438 | Q18: =$H$17 -> -65.308854 | R18: =$H$18 -> -82.328125 | S18: =$H$19 -> -98.456771 | T18: =$H$20 -> -101.54271 | U18: =$H$21 -> -97.695312 | V18: =$H$22 -> -98.851562 | W18: =$H$23 -> -100.37656 | X18: =$H$24 -> -97.242708 | Y18: =$H$25 -> -91.123958 | Z18: =$H$26 -> -80.120312
A19: =AVERAGE(RAW_Data!A434:A463) -> -24 | B19: =AVERAGE(RAW_Data!B434:B463) -> -48 | C19: =AVERAGE(RAW_Data!E434:E463) -> 0 | D19: =AVERAGE(RAW_Data!F434:F463) -> 186.13333 | E19: =AVERAGE(RAW_Data!G434:G463) -> -60 | F19: =AVERAGE(RAW_Data!H434:H463) -> -60 | G19: =AVERAGE(RAW_Data!I434:I463) -> 49.598958 | H19: =AVERAGE(RAW_Data!J434:J463) -> -98.456771 | I19: =STDEV(RAW_Data!F434:F463) -> 3.0931887 | J19: =STDEV(RAW_Data!G434:G463) -> 0 | K19: =STDEV(RAW_Data!H434:H463) -> 0 | L19: =STDEV(RAW_Data!I434:I463) -> 0.92849785 | M19: =STDEV(RAW_Data!J434:J463) -> 2.4717241 | P19: =$H$27 -> -59.176563 | Q19: =$H$28 -> -57.6625 | R19: =$H$29 -> -49.266667 | S19: =$H$30 -> -67.993229 | T19: =$H$31 -> -79.130208 | U19: =$H$32 -> -84.501563 | V19: =$H$33 -> -84.554167 | W19: =$H$34 -> -82.188021 | X19: =$H$35 -> -75.655208 | Y19: =$H$36 -> -80.870312 | Z19: =$H$37 -> -70.369792
A20: =AVERAGE(RAW_Data!A464:A493) -> -12 | B20: =AVERAGE(RAW_Data!B464:B493) -> -48 | C20: =AVERAGE(RAW_Data!E464:E493) -> 0 | D20: =AVERAGE(RAW_Data!F464:F493) -> 187.76667 | E20: =AVERAGE(RAW_Data!G464:G493) -> -60 | F20: =AVERAGE(RAW_Data!H464:H493) -> -60 | G20: =AVERAGE(RAW_Data!I464:I493) -> 13.870313 | H20: =AVERAGE(RAW_Data!J464:J493) -> -101.54271 | I20: =STDEV(RAW_Data!F464:F493) -> 3.6263721 | J20: =STDEV(RAW_Data!G464:G493) -> 0 | K20: =STDEV(RAW_Data!H464:H493) -> 0 | L20: =STDEV(RAW_Data!I464:I493) -> 0.83260267 | M20: =STDEV(RAW_Data!J464:J493) -> 2.0527006 | P20: =$H$38 -> -38.868229 | Q20: =$H$39 -> -48.125521 | R20: =$H$40 -> -41.103646 | S20: =$H$41 -> -37.356771 | T20: =$H$42 -> -43.448437 | U20: =$H$43 -> -52.529688 | V20: =$H$44 -> -58.238542 | W20: =$H$45 -> -60.752604 | X20: =$H$46 -> -64.880729 | Y20: =$H$47 -> -71.547917 | Z20: =$H$48 -> -54.879688
A21: =AVERAGE(RAW_Data!A494:A523) -> 0 | B21: =AVERAGE(RAW_Data!B494:B523) -> -48 | C21: =AVERAGE(RAW_Data!E494:E523) -> 0 | D21: =AVERAGE(RAW_Data!F494:F523) -> 187.53333 | E21: =AVERAGE(RAW_Data!G494:G523) -> -60 | F21: =AVERAGE(RAW_Data!H494:H523) -> -60 | G21: =AVERAGE(RAW_Data!I494:I523) -> -13.144792 | H21: =AVERAGE(RAW_Data!J494:J523) -> -97.695312 | I21: =STDEV(RAW_Data!F494:F523) -> 2.8251742 | J21: =STDEV(RAW_Data!G494:G523) -> 0 | K21: =STDEV(RAW_Data!H494:H523) -> 0 | L21: =STDEV(RAW_Data!I494:I523) -> 0.81073596 | M21: =STDEV(RAW_Data!J494:J523) -> 2.2920657 | P21: =$H$49 -> -13.207812 | Q21: =$H$50 -> -22.604688 | R21: =$H$51 -> -29.179688 | S21: =$H$52 -> -28.485937 | T21: =$H$53 -> -27.927083 | U21: =$H$54 -> -31.120833 | V21: =$H$55 -> -36.682812 | W21: =$H$56 -> -41.650521 | X21: =$H$57 -> -44.911979 | Y21: =$H$58 -> -48.091667 | Z21: =$H$59 -> -34.277083
A22: =AVERAGE(RAW_Data!A524:A553) -> 12 | B22: =AVERAGE(RAW_Data!B524:B553) -> -48 | C22: =AVERAGE(RAW_Data!E524:E553) -> 0 | D22: =AVERAGE(RAW_Data!F524:F553) -> 188.36667 | E22: =AVERAGE(RAW_Data!G524:G553) -> -60 | F22: =AVERAGE(RAW_Data!H524:H553) -> -60 | G22: =AVERAGE(RAW_Data!I524:I553) -> -41.611458 | H22: =AVERAGE(RAW_Data!J524:J553) -> -98.851562 | I22: =STDEV(RAW_Data!F524:F553) -> 3.0112815 | J22: =STDEV(RAW_Data!G524:G553) -> 0 | K22: =STDEV(RAW_Data!H524:H553) -> 0 | L22: =STDEV(RAW_Data!I524:I553) -> 0.8434779 | M22: =STDEV(RAW_Data!J524:J553) -> 1.9771976 | P22: =$H$60 -> 12.267708 | Q22: =$H$61 -> 17.05625 | R22: =$H$62 -> 13.063542 | S22: =$H$63 -> 4.7526042 | T22: =$H$64 -> -3.6786458 | U22: =$H$65 -> -7.0630208 | V22: =$H$66 -> -8.8130208 | W22: =$H$67 -> -9.1401042 | X22: =$H$68 -> -11.127604 | Y22: =$H$69 -> -14.572917 | Z22: =$H$70 -> -14.100521
A23: =AVERAGE(RAW_Data!A555:A584) -> 24 | B23: =AVERAGE(RAW_Data!B555:B584) -> -48 | C23: =AVERAGE(RAW_Data!E555:E584) -> 0 | D23: =AVERAGE(RAW_Data!F555:F584) -> 186.53333 | E23: =AVERAGE(RAW_Data!G555:G584) -> -60 | F23: =AVERAGE(RAW_Data!H555:H584) -> -60 | G23: =AVERAGE(RAW_Data!I555:I584) -> -74.063542 | H23: =AVERAGE(RAW_Data!J555:J584) -> -100.37656 | I23: =STDEV(RAW_Data!F555:F584) -> 3.0255616 | J23: =STDEV(RAW_Data!G555:G584) -> 0 | K23: =STDEV(RAW_Data!H555:H584) -> 0 | L23: =STDEV(RAW_Data!I555:I584) -> 1.3007216 | M23: =STDEV(RAW_Data!J555:J584) -> 2.0475858 | P23: =$H$71 -> 29.129687 | Q23: =$H$72 -> 40.236458 | R23: =$H$73 -> 42.043229 | S23: =$H$74 -> 43.428646 | T23: =$H$75 -> 36.807292 | U23: =$H$76 -> 30.056771 | V23: =$H$77 -> 24.271875 | W23: =$H$78 -> 19.579687 | X23: =$H$79 -> 12.585417 | Y23: =$H$80 -> 6.096875 | Z23: =$H$81 -> 1.9791667
A24: =AVERAGE(RAW_Data!A585:A614) -> 36 | B24: =AVERAGE(RAW_Data!B585:B614) -> -48 | C24: =AVERAGE(RAW_Data!E585:E614) -> 0 | D24: =AVERAGE(RAW_Data!F585:F614) -> 186.43333 | E24: =AVERAGE(RAW_Data!G585:G614) -> -60 | F24: =AVERAGE(RAW_Data!H585:H614) -> -60 | G24: =AVERAGE(RAW_Data!I585:I614) -> -97.141667 | H24: =AVERAGE(RAW_Data!J585:J614) -> -97.242708 | I24: =STDEV(RAW_Data!F585:F614) -> 3.2555876 | J24: =STDEV(RAW_Data!G585:G614) -> 0 | K24: =STDEV(RAW_Data!H585:H614) -> 0 | L24: =STDEV(RAW_Data!I585:I614) -> 1.314006 | M24: =STDEV(RAW_Data!J585:J614) -> 2.2542417 | P24: =$H$82 -> 35.258854 | Q24: =$H$83 -> 47.017187 | R24: =$H$84 -> 53.469792 | S24: =$H$85 -> 58.547917 | T24: =$H$86 -> 61.654167 | U24: =$H$87 -> 64.476042 | V24: =$H$88 -> 61.878646 | W24: =$H$89 -> 52.075 | X24: =$H$90 -> 33.460938 | Y24: =$H$91 -> 16.272396 | Z24: =$H$92 -> 5.875
A25: =AVERAGE(RAW_Data!A615:A644) -> 48 | B25: =AVERAGE(RAW_Data!B615:B644) -> -48 | C25: =AVERAGE(RAW_Data!E615:E644) -> 0 | D25: =AVERAGE(RAW_Data!F615:F644) -> 186.93333 | E25: =AVERAGE(RAW_Data!G615:G644) -> -60 | F25: =AVERAGE(RAW_Data!H615:H644) -> -60 | G25: =AVERAGE(RAW_Data!I615:I644) -> -116.48646 | H25: =AVERAGE(RAW_Data!J615:J644) -> -91.123958 | I25: =STDEV(RAW_Data!F615:F644) -> 3.1615506 | J25: =STDEV(RAW_Data!G615:G644) -> 0 | K25: =STDEV(RAW_Data!H615:H644) -> 0 | L25: =STDEV(RAW_Data!I615:I644) -> 1.4749715 | M25: =STDEV(RAW_Data!J615:J644) -> 1.9000391 | P25: =$H$93 -> 50.445833 | Q25: =$H$94 -> 75.047396 | R25: =$H$95 -> 81.796875 | S25: =$H$96 -> 91.769792 | T25: =$H$97 -> 91.79375 | U25: =$H$98 -> 89.828646 | V25: =$H$99 -> 88.924479 | W25: =$H$100 -> 84.254688 | X25: =$H$101 -> 63.7875 | Y25: =$H$102 -> 39.408854 | Z25: =$H$103 -> 15.173958
A26: =AVERAGE(RAW_Data!A645:A674) -> 60 | B26: =AVERAGE(RAW_Data!B645:B674) -> -48 | C26: =AVERAGE(RAW_Data!E645:E674) -> 0 | D26: =AVERAGE(RAW_Data!F645:F674) -> 187.76667 | E26: =AVERAGE(RAW_Data!G645:G674) -> -60 | F26: =AVERAGE(RAW_Data!H645:H674) -> -60 | G26: =AVERAGE(RAW_Data!I645:I674) -> -143.72031 | H26: =AVERAGE(RAW_Data!J645:J674) -> -80.120312 | I26: =STDEV(RAW_Data!F645:F674) -> 3.4808177 | J26: =STDEV(RAW_Data!G645:G674) -> 0 | K26: =STDEV(RAW_Data!H645:H674) -> 0 | L26: =STDEV(RAW_Data!I645:I674) -> 1.6701664 | M26: =STDEV(RAW_Data!J645:J674) -> 1.5851173 | P26: =$H$104 -> 69.158854 | Q26: =$H$105 -> 94.895313 | R26: =$H$106 -> 105.46771 | S26: =$H$107 -> 118.56719 | T26: =$H$108 -> 122.08333 | U26: =$H$109 -> 117.80156 | V26: =$H$110 -> 108.12969 | W26: =$H$111 -> 96.098958 | X26: =$H$112 -> 84.445312 | Y26: =$H$113 -> 62.924479 | Z26: =$H$114 -> 28.605729
A27: =AVERAGE(RAW_Data!A675:A704) -> -60 | B27: =AVERAGE(RAW_Data!B675:B704) -> -36 | C27: =AVERAGE(RAW_Data!E675:E704) -> 0 | D27: =AVERAGE(RAW_Data!F675:F704) -> 183.8 | E27: =AVERAGE(RAW_Data!G675:G704) -> -60 | F27: =AVERAGE(RAW_Data!H675:H704) -> -60 | G27: =AVERAGE(RAW_Data!I675:I704) -> 117.13229 | H27: =AVERAGE(RAW_Data!J675:J704) -> -59.176563 | I27: =STDEV(RAW_Data!F675:F704) -> 3.1117131 | J27: =STDEV(RAW_Data!G675:G704) -> 0 | K27: =STDEV(RAW_Data!H675:H704) -> 0 | L27: =STDEV(RAW_Data!I675:I704) -> 1.3109387 | M27: =STDEV(RAW_Data!J675:J704) -> 3.4362707 | P27: =$H$115 -> 86.659896 | Q27: =$H$116 -> 105.77604 | R27: =$H$117 -> 120.21823 | S27: =$H$118 -> 137.1099 | T27: =$H$119 -> 142.30573 | U27: =$H$120 -> 140.12083 | V27: =$H$121 -> 130.99323 | W27: =$H$122 -> 116.76458 | X27: =$H$123 -> 97.651562 | Y27: =$H$124 -> 73.604167 | Z27: =$H$125 -> 41.479687
A28: =AVERAGE(RAW_Data!A705:A734) -> -48 | B28: =AVERAGE(RAW_Data!B705:B734) -> -36 | C28: =AVERAGE(RAW_Data!E705:E734) -> 0 | D28: =AVERAGE(RAW_Data!F705:F734) -> 186.56667 | E28: =AVERAGE(RAW_Data!G705:G734) -> -60 | F28: =AVERAGE(RAW_Data!H705:H734) -> -60 | G28: =AVERAGE(RAW_Data!I705:I734) -> 98.03125 | H28: =AVERAGE(RAW_Data!J705:J734) -> -57.6625 | I28: =STDEV(RAW_Data!F705:F734) -> 2.4590906 | J28: =STDEV(RAW_Data!G705:G734) -> 0 | K28: =STDEV(RAW_Data!H705:H734) -> 0 | L28: =STDEV(RAW_Data!I705:I734) -> 1.5823577 | M28: =STDEV(RAW_Data!J705:J734) -> 3.1741915
A29: =AVERAGE(RAW_Data!A736:A765) -> -36 | B29: =AVERAGE(RAW_Data!B736:B765) -> -36 | C29: =AVERAGE(RAW_Data!E736:E765) -> 0 | D29: =AVERAGE(RAW_Data!F736:F765) -> 187.96667 | E29: =AVERAGE(RAW_Data!G736:G765) -> -60 | F29: =AVERAGE(RAW_Data!H736:H765) -> -60 | G29: =AVERAGE(RAW_Data!I736:I765) -> 75.496875 | H29: =AVERAGE(RAW_Data!J736:J765) -> -49.266667 | I29: =STDEV(RAW_Data!F736:F765) -> 3.4087447 | J29: =STDEV(RAW_Data!G736:G765) -> 0 | K29: =STDEV(RAW_Data!H736:H765) -> 0 | L29: =STDEV(RAW_Data!I736:I765) -> 1.9865455 | M29: =STDEV(RAW_Data!J736:J765) -> 2.0497004
A30: =AVERAGE(RAW_Data!A767:A796) -> -24 | B30: =AVERAGE(RAW_Data!B767:B796) -> -36 | C30: =AVERAGE(RAW_Data!E767:E796) -> 0 | D30: =AVERAGE(RAW_Data!F767:F796) -> 186.9 | E30: =AVERAGE(RAW_Data!G767:G796) -> -60 | F30: =AVERAGE(RAW_Data!H767:H796) -> -60 | G30: =AVERAGE(RAW_Data!I767:I796) -> 48.725521 | H30: =AVERAGE(RAW_Data!J767:J796) -> -67.993229 | I30: =STDEV(RAW_Data!F767:F796) -> 3.1878 | J30: =STDEV(RAW_Data!G767:G796) -> 0 | K30: =STDEV(RAW_Data!H767:H796) -> 0 | L30: =STDEV(RAW_Data!I767:I796) -> 1.0046002 | M30: =STDEV(RAW_Data!J767:J796) -> 2.1906216
A31: =AVERAGE(RAW_Data!A797:A826) -> -12 | B31: =AVERAGE(RAW_Data!B797:B826) -> -36 | C31: =AVERAGE(RAW_Data!E797:E826) -> 0 | D31: =AVERAGE(RAW_Data!F797:F826) -> 186 | E31: =AVERAGE(RAW_Data!G797:G826) -> -60 | F31: =AVERAGE(RAW_Data!H797:H826) -> -60 | G31: =AVERAGE(RAW_Data!I797:I826) -> 16.202604 | H31: =AVERAGE(RAW_Data!J797:J826) -> -79.130208 | I31: =STDEV(RAW_Data!F797:F826) -> 3.1948234 | J31: =STDEV(RAW_Data!G797:G826) -> 0 | K31: =STDEV(RAW_Data!H797:H826) -> 0 | L31: =STDEV(RAW_Data!I797:I826) -> 1.2517867 | M31: =STDEV(RAW_Data!J797:J826) -> 1.8677858
A32: =AVERAGE(RAW_Data!A827:A856) -> 0 | B32: =AVERAGE(RAW_Data!B827:B856) -> -36 | C32: =AVERAGE(RAW_Data!E827:E856) -> 0 | D32: =AVERAGE(RAW_Data!F827:F856) -> 186.73333 | E32: =AVERAGE(RAW_Data!G827:G856) -> -60 | F32: =AVERAGE(RAW_Data!H827:H856) -> -60 | G32: =AVERAGE(RAW_Data!I827:I856) -> -17.817708 | H32: =AVERAGE(RAW_Data!J827:J856) -> -84.501563 | I32: =STDEV(RAW_Data!F827:F856) -> 3.1724388 | J32: =STDEV(RAW_Data!G827:G856) -> 0 | K32: =STDEV(RAW_Data!H827:H856) -> 0 | L32: =STDEV(RAW_Data!I827:I856) -> 0.94039901 | M32: =STDEV(RAW_Data!J827:J856) -> 2.1281447
A33: =AVERAGE(RAW_Data!A857:A886) -> 12 | B33: =AVERAGE(RAW_Data!B857:B886) -> -36 | C33: =AVERAGE(RAW_Data!E857:E886) -> 0 | D33: =AVERAGE(RAW_Data!F857:F886) -> 185.96667 | E33: =AVERAGE(RAW_Data!G857:G886) -> -60 | F33: =AVERAGE(RAW_Data!H857:H886) -> -60 | G33: =AVERAGE(RAW_Data!I857:I886) -> -43.260937 | H33: =AVERAGE(RAW_Data!J857:J886) -> -84.554167 | I33: =STDEV(RAW_Data!F857:F886) -> 3.285111 | J33: =STDEV(RAW_Data!G857:G886) -> 0 | K33: =STDEV(RAW_Data!H857:H886) -> 0 | L33: =STDEV(RAW_Data!I857:I886) -> 0.96829061 | M33: =STDEV(RAW_Data!J857:J886) -> 2.2204785
A34: =AVERAGE(RAW_Data!A887:A916) -> 24 | B34: =AVERAGE(RAW_Data!B887:B916) -> -36 | C34: =AVERAGE(RAW_Data!E887:E916) -> 0 | D34: =AVERAGE(RAW_Data!F887:F916) -> 185.83333 | E34: =AVERAGE(RAW_Data!G887:G916) -> -60 | F34: =AVERAGE(RAW_Data!H887:H916) -> -60 | G34: =AVERAGE(RAW_Data!I887:I916) -> -72.189063 | H34: =AVERAGE(RAW_Data!J887:J916) -> -82.188021 | I34: =STDEV(RAW_Data!F887:F916) -> 2.6140645 | J34: =STDEV(RAW_Data!G887:G916) -> 0 | K34: =STDEV(RAW_Data!H887:H916) -> 0 | L34: =STDEV(RAW_Data!I887:I916) -> 0.97848066 | M34: =STDEV(RAW_Data!J887:J916) -> 1.8825838
A35: =AVERAGE(RAW_Data!A917:A946) -> 36 | B35: =AVERAGE(RAW_Data!B917:B946) -> -36 | C35: =AVERAGE(RAW_Data!E917:E946) -> 0 | D35: =AVERAGE(RAW_Data!F917:F946) -> 187.13333 | E35: =AVERAGE(RAW_Data!G917:G946) -> -60 | F35: =AVERAGE(RAW_Data!H917:H946) -> -60 | G35: =AVERAGE(RAW_Data!I917:I946) -> -102.83698 | H35: =AVERAGE(RAW_Data!J917:J946) -> -75.655208 | I35: =STDEV(RAW_Data!F917:F946) -> 3.7484096 | J35: =STDEV(RAW_Data!G917:G946) -> 0 | K35: =STDEV(RAW_Data!H917:H946) -> 0 | L35: =STDEV(RAW_Data!I917:I946) -> 1.4993976 | M35: =STDEV(RAW_Data!J917:J946) -> 2.1572958
A36: =AVERAGE(RAW_Data!A947:A976) -> 48 | B36: =AVERAGE(RAW_Data!B947:B976) -> -36 | C36: =AVERAGE(RAW_Data!E947:E976) -> 0 | D36: =AVERAGE(RAW_Data!F947:F976) -> 187.5 | E36: =AVERAGE(RAW_Data!G947:G976) -> -60 | F36: =AVERAGE(RAW_Data!H947:H976) -> -60 | G36: =AVERAGE(RAW_Data!I947:I976) -> -116.6599 | H36: =AVERAGE(RAW_Data!J947:J976) -> -80.870312 | I36: =STDEV(RAW_Data!F947:F976) -> 3.2562936 | J36: =STDEV(RAW_Data!G947:G976) -> 0 | K36: =STDEV(RAW_Data!H947:H976) -> 0 | L36: =STDEV(RAW_Data!I947:I976) -> 1.0477607 | M36: =STDEV(RAW_Data!J947:J976) -> 2.7400607
A37: =AVERAGE(RAW_Data!A978:A1007) -> 60 | B37: =AVERAGE(RAW_Data!B978:B1007) -> -36 | C37: =AVERAGE(RAW_Data!E978:E1007) -> 0 | D37: =AVERAGE(RAW_Data!F978:F1007) -> 187.03333 | E37: =AVERAGE(RAW_Data!G978:G1007) -> -60 | F37: =AVERAGE(RAW_Data!H978:H1007) -> -60 | G37: =AVERAGE(RAW_Data!I978:I1007) -> -140.89062 | H37: =AVERAGE(RAW_Data!J978:J1007) -> -70.369792 | I37: =STDEV(RAW_Data!F978:F1007) -> 3.8549863 | J37: =STDEV(RAW_Data!G978:G1007) -> 0 | K37: =STDEV(RAW_Data!H978:H1007) -> 0 | L37: =STDEV(RAW_Data!I978:I1007) -> 1.4469796 | M37: =STDEV(RAW_Data!J978:J1007) -> 2.3649484
A38: =AVERAGE(RAW_Data!A1008:A1037) -> -60 | B38: =AVERAGE(RAW_Data!B1008:B1037) -> -24 | C38: =AVERAGE(RAW_Data!E1008:E1037) -> 0 | D38: =AVERAGE(RAW_Data!F1008:F1037) -> 182.8 | E38: =AVERAGE(RAW_Data!G1008:G1037) -> -60 | F38: =AVERAGE(RAW_Data!H1008:H1037) -> -60 | G38: =AVERAGE(RAW_Data!I1008:I1037) -> 120.43385 | H38: =AVERAGE(RAW_Data!J1008:J1037) -> -38.868229 | I38: =STDEV(RAW_Data!F1008:F1037) -> 3.9775231 | J38: =STDEV(RAW_Data!G1008:G1037) -> 0 | K38: =STDEV(RAW_Data!H1008:H1037) -> 0 | L38: =STDEV(RAW_Data!I1008:I1037) -> 1.1126574 | M38: =STDEV(RAW_Data!J1008:J1037) -> 3.1893184
A39: =AVERAGE(RAW_Data!A1039:A1068) -> -48 | B39: =AVERAGE(RAW_Data!B1039:B1068) -> -24 | C39: =AVERAGE(RAW_Data!E1039:E1068) -> 0 | D39: =AVERAGE(RAW_Data!F1039:F1068) -> 188.16667 | E39: =AVERAGE(RAW_Data!G1039:G1068) -> -60 | F39: =AVERAGE(RAW_Data!H1039:H1068) -> -60 | G39: =AVERAGE(RAW_Data!I1039:I1068) -> 92.285938 | H39: =AVERAGE(RAW_Data!J1039:J1068) -> -48.125521 | I39: =STDEV(RAW_Data!F1039:F1068) -> 3.5241368 | J39: =STDEV(RAW_Data!G1039:G1068) -> 0 | K39: =STDEV(RAW_Data!H1039:H1068) -> 0 | L39: =STDEV(RAW_Data!I1039:I1068) -> 1.1054497 | M39: =STDEV(RAW_Data!J1039:J1068) -> 3.2877334
A40: =AVERAGE(RAW_Data!A1069:A1098) -> -36 | B40: =AVERAGE(RAW_Data!B1069:B1098) -> -24 | C40: =AVERAGE(RAW_Data!E1069:E1098) -> 0 | D40: =AVERAGE(RAW_Data!F1069:F1098) -> 187.63333 | E40: =AVERAGE(RAW_Data!G1069:G1098) -> -60 | F40: =AVERAGE(RAW_Data!H1069:H1098) -> -60 | G40: =AVERAGE(RAW_Data!I1069:I1098) -> 70.975521 | H40: =AVERAGE(RAW_Data!J1069:J1098) -> -41.103646 | I40: =STDEV(RAW_Data!F1069:F1098) -> 3.5378089 | J40: =STDEV(RAW_Data!G1069:G1098) -> 0 | K40: =STDEV(RAW_Data!H1069:H1098) -> 0 | L40: =STDEV(RAW_Data!I1069:I1098) -> 1.1576448 | M40: =STDEV(RAW_Data!J1069:J1098) -> 1.5115145
A41: =AVERAGE(RAW_Data!A1099:A1128) -> -24 | B41: =AVERAGE(RAW_Data!B1099:B1128) -> -24 | C41: =AVERAGE(RAW_Data!E1099:E1128) -> 0 | D41: =AVERAGE(RAW_Data!F1099:F1128) -> 187.9 | E41: =AVERAGE(RAW_Data!G1099:G1128) -> -60 | F41: =AVERAGE(RAW_Data!H1099:H1128) -> -60 | G41: =AVERAGE(RAW_Data!I1099:I1128) -> 43.882812 | H41: =AVERAGE(RAW_Data!J1099:J1128) -> -37.356771 | I41: =STDEV(RAW_Data!F1099:F1128) -> 2.8204915 | J41: =STDEV(RAW_Data!G1099:G1128) -> 0 | K41: =STDEV(RAW_Data!H1099:H1128) -> 0 | L41: =STDEV(RAW_Data!I1099:I1128) -> 0.81092094 | M41: =STDEV(RAW_Data!J1099:J1128) -> 1.888547
A42: =AVERAGE(RAW_Data!A1131:A1160) -> -12 | B42: =AVERAGE(RAW_Data!B1131:B1160) -> -24 | C42: =AVERAGE(RAW_Data!E1131:E1160) -> 0 | D42: =AVERAGE(RAW_Data!F1131:F1160) -> 187.3 | E42: =AVERAGE(RAW_Data!G1131:G1160) -> -60 | F42: =AVERAGE(RAW_Data!H1131:H1160) -> -60 | G42: =AVERAGE(RAW_Data!I1131:I1160) -> 17.275521 | H42: =AVERAGE(RAW_Data!J1131:J1160) -> -43.448437 | I42: =STDEV(RAW_Data!F1131:F1160) -> 2.2460694 | J42: =STDEV(RAW_Data!G1131:G1160) -> 0 | K42: =STDEV(RAW_Data!H1131:H1160) -> 0 | L42: =STDEV(RAW_Data!I1131:I1160) -> 0.72427463 | M42: =STDEV(RAW_Data!J1131:J1160) -> 1.3349006
A43: =AVERAGE(RAW_Data!A1161:A1190) -> 0 | B43: =AVERAGE(RAW_Data!B1161:B1190) -> -24 | C43: =AVERAGE(RAW_Data!E1161:E1190) -> 0 | D43: =AVERAGE(RAW_Data!F1161:F1190) -> 185.4 | E43: =AVERAGE(RAW_Data!G1161:G1190) -> -60 | F43: =AVERAGE(RAW_Data!H1161:H1190) -> -60 | G43: =AVERAGE(RAW_Data!I1161:I1190) -> -20.480729 | H43: =AVERAGE(RAW_Data!J1161:J1190) -> -52.529688 | I43: =STDEV(RAW_Data!F1161:F1190) -> 3.0011492 | J43: =STDEV(RAW_Data!G1161:G1190) -> 0 | K43: =STDEV(RAW_Data!H1161:H1190) -> 0 | L43: =STDEV(RAW_Data!I1161:I1190) -> 1.3756469 | M43: =STDEV(RAW_Data!J1161:J1190) -> 1.3246395
A44: =AVERAGE(RAW_Data!A1191:A1220) -> 12 | B44: =AVERAGE(RAW_Data!B1191:B1220) -> -24 | C44: =AVERAGE(RAW_Data!E1191:E1220) -> 0 | D44: =AVERAGE(RAW_Data!F1191:F1220) -> 187.6 | E44: =AVERAGE(RAW_Data!G1191:G1220) -> -60 | F44: =AVERAGE(RAW_Data!H1191:H1220) -> -60 | G44: =AVERAGE(RAW_Data!I1191:I1220) -> -53.643229 | H44: =AVERAGE(RAW_Data!J1191:J1220) -> -58.238542 | I44: =STDEV(RAW_Data!F1191:F1220) -> 4.047988 | J44: =STDEV(RAW_Data!G1191:G1220) -> 0 | K44: =STDEV(RAW_Data!H1191:H1220) -> 0 | L44: =STDEV(RAW_Data!I1191:I1220) -> 1.1932786 | M44: =STDEV(RAW_Data!J1191:J1220) -> 1.0053143
A45: =AVERAGE(RAW_Data!A1222:A1251) -> 24 | B45: =AVERAGE(RAW_Data!B1222:B1251) -> -24 | C45: =AVERAGE(RAW_Data!E1222:E1251) -> 0 | D45: =AVERAGE(RAW_Data!F1222:F1251) -> 187.9 | E45: =AVERAGE(RAW_Data!G1222:G1251) -> -60 | F45: =AVERAGE(RAW_Data!H1222:H1251) -> -60 | G45: =AVERAGE(RAW_Data!I1222:I1251) -> -76.895833 | H45: =AVERAGE(RAW_Data!J1222:J1251) -> -60.752604 | I45: =STDEV(RAW_Data!F1222:F1251) -> 3.3461249 | J45: =STDEV(RAW_Data!G1222:G1251) -> 0 | K45: =STDEV(RAW_Data!H1222:H1251) -> 0 | L45: =STDEV(RAW_Data!I1222:I1251) -> 0.69418203 | M45: =STDEV(RAW_Data!J1222:J1251) -> 0.97604907
A46: =AVERAGE(RAW_Data!A1252:A1281) -> 36 | B46: =AVERAGE(RAW_Data!B1252:B1281) -> -24 | C46: =AVERAGE(RAW_Data!E1252:E1281) -> 0 | D46: =AVERAGE(RAW_Data!F1252:F1281) -> 187.2 | E46: =AVERAGE(RAW_Data!G1252:G1281) -> -60 | F46: =AVERAGE(RAW_Data!H1252:H1281) -> -60 | G46: =AVERAGE(RAW_Data!I1252:I1281) -> -104.56146 | H46: =AVERAGE(RAW_Data!J1252:J1281) -> -64.880729 | I46: =STDEV(RAW_Data!F1252:F1281) -> 2.5917641 | J46: =STDEV(RAW_Data!G1252:G1281) -> 0 | K46: =STDEV(RAW_Data!H1252:H1281) -> 0 | L46: =STDEV(RAW_Data!I1252:I1281) -> 0.87533604 | M46: =STDEV(RAW_Data!J1252:J1281) -> 1.451757
A47: =AVERAGE(RAW_Data!A1282:A1311) -> 48 | B47: =AVERAGE(RAW_Data!B1282:B1311) -> -24 | C47: =AVERAGE(RAW_Data!E1282:E1311) -> 0 | D47: =AVERAGE(RAW_Data!F1282:F1311) -> 187.23333 | E47: =AVERAGE(RAW_Data!G1282:G1311) -> -60 | F47: =AVERAGE(RAW_Data!H1282:H1311) -> -60 | G47: =AVERAGE(RAW_Data!I1282:I1311) -> -120.80417 | H47: =AVERAGE(RAW_Data!J1282:J1311) -> -71.547917 | I47: =STDEV(RAW_Data!F1282:F1311) -> 3.7479496 | J47: =STDEV(RAW_Data!G1282:G1311) -> 0 | K47: =STDEV(RAW_Data!H1282:H1311) -> 0 | L47: =STDEV(RAW_Data!I1282:I1311) -> 1.4876735 | M47: =STDEV(RAW_Data!J1282:J1311) -> 2.7977551
A48: =AVERAGE(RAW_Data!A1313:A1342) -> 60 | B48: =AVERAGE(RAW_Data!B1313:B1342) -> -24 | C48: =AVERAGE(RAW_Data!E1313:E1342) -> 0 | D48: =AVERAGE(RAW_Data!F1313:F1342) -> 186.86667 | E48: =AVERAGE(RAW_Data!G1313:G1342) -> -60 | F48: =AVERAGE(RAW_Data!H1313:H1342) -> -60 | G48: =AVERAGE(RAW_Data!I1313:I1342) -> -140.08698 | H48: =AVERAGE(RAW_Data!J1313:J1342) -> -54.879688 | I48: =STDEV(RAW_Data!F1313:F1342) -> 2.5560386 | J48: =STDEV(RAW_Data!G1313:G1342) -> 0 | K48: =STDEV(RAW_Data!H1313:H1342) -> 0 | L48: =STDEV(RAW_Data!I1313:I1342) -> 1.4085989 | M48: =STDEV(RAW_Data!J1313:J1342) -> 2.1856371
A49: =AVERAGE(RAW_Data!A1343:A1372) -> -60 | B49: =AVERAGE(RAW_Data!B1343:B1372) -> -12 | C49: =AVERAGE(RAW_Data!E1343:E1372) -> 0 | D49: =AVERAGE(RAW_Data!F1343:F1372) -> 186.76667 | E49: =AVERAGE(RAW_Data!G1343:G1372) -> -60 | F49: =AVERAGE(RAW_Data!H1343:H1372) -> -60 | G49: =AVERAGE(RAW_Data!I1343:I1372) -> 124.9526 | H49: =AVERAGE(RAW_Data!J1343:J1372) -> -13.207812 | I49: =STDEV(RAW_Data!F1343:F1372) -> 3.1259022 | J49: =STDEV(RAW_Data!G1343:G1372) -> 0 | K49: =STDEV(RAW_Data!H1343:H1372) -> 0 | L49: =STDEV(RAW_Data!I1343:I1372) -> 1.2496395 | M49: =STDEV(RAW_Data!J1343:J1372) -> 2.4870223
A50: =AVERAGE(RAW_Data!A1373:A1402) -> -48 | B50: =AVERAGE(RAW_Data!B1373:B1402) -> -12 | C50: =AVERAGE(RAW_Data!E1373:E1402) -> 0 | D50: =AVERAGE(RAW_Data!F1373:F1402) -> 186.86667 | E50: =AVERAGE(RAW_Data!G1373:G1402) -> -60 | F50: =AVERAGE(RAW_Data!H1373:H1402) -> -60 | G50: =AVERAGE(RAW_Data!I1373:I1402) -> 94.028125 | H50: =AVERAGE(RAW_Data!J1373:J1402) -> -22.604688 | I50: =STDEV(RAW_Data!F1373:F1402) -> 3.3808113 | J50: =STDEV(RAW_Data!G1373:G1402) -> 0 | K50: =STDEV(RAW_Data!H1373:H1402) -> 0 | L50: =STDEV(RAW_Data!I1373:I1402) -> 1.4568391 | M50: =STDEV(RAW_Data!J1373:J1402) -> 2.6038252
A51: =AVERAGE(RAW_Data!A1403:A1432) -> -36 | B51: =AVERAGE(RAW_Data!B1403:B1432) -> -12 | C51: =AVERAGE(RAW_Data!E1403:E1432) -> 0 | D51: =AVERAGE(RAW_Data!F1403:F1432) -> 188.43333 | E51: =AVERAGE(RAW_Data!G1403:G1432) -> -60 | F51: =AVERAGE(RAW_Data!H1403:H1432) -> -60 | G51: =AVERAGE(RAW_Data!I1403:I1432) -> 71.98125 | H51: =AVERAGE(RAW_Data!J1403:J1432) -> -29.179688 | I51: =STDEV(RAW_Data!F1403:F1432) -> 2.9790456 | J51: =STDEV(RAW_Data!G1403:G1432) -> 0 | K51: =STDEV(RAW_Data!H1403:H1432) -> 0 | L51: =STDEV(RAW_Data!I1403:I1432) -> 0.8578837 | M51: =STDEV(RAW_Data!J1403:J1432) -> 2.3652596
A52: =AVERAGE(RAW_Data!A1433:A1462) -> -24 | B52: =AVERAGE(RAW_Data!B1433:B1462) -> -12 | C52: =AVERAGE(RAW_Data!E1433:E1462) -> 0 | D52: =AVERAGE(RAW_Data!F1433:F1462) -> 188.2 | E52: =AVERAGE(RAW_Data!G1433:G1462) -> -60 | F52: =AVERAGE(RAW_Data!H1433:H1462) -> -60 | G52: =AVERAGE(RAW_Data!I1433:I1462) -> 43.821875 | H52: =AVERAGE(RAW_Data!J1433:J1462) -> -28.485937 | I52: =STDEV(RAW_Data!F1433:F1462) -> 3.5757806 | J52: =STDEV(RAW_Data!G1433:G1462) -> 0 | K52: =STDEV(RAW_Data!H1433:H1462) -> 0 | L52: =STDEV(RAW_Data!I1433:I1462) -> 0.76584598 | M52: =STDEV(RAW_Data!J1433:J1462) -> 1.9997699
A53: =AVERAGE(RAW_Data!A1464:A1493) -> -12 | B53: =AVERAGE(RAW_Data!B1464:B1493) -> -12 | C53: =AVERAGE(RAW_Data!E1464:E1493) -> 0 | D53: =AVERAGE(RAW_Data!F1464:F1493) -> 186.96667 | E53: =AVERAGE(RAW_Data!G1464:G1493) -> -60 | F53: =AVERAGE(RAW_Data!H1464:H1493) -> -60 | G53: =AVERAGE(RAW_Data!I1464:I1493) -> 13.06875 | H53: =AVERAGE(RAW_Data!J1464:J1493) -> -27.927083 | I53: =STDEV(RAW_Data!F1464:F1493) -> 2.5118112 | J53: =STDEV(RAW_Data!G1464:G1493) -> 0 | K53: =STDEV(RAW_Data!H1464:H1493) -> 0 | L53: =STDEV(RAW_Data!I1464:I1493) -> 0.81639278 | M53: =STDEV(RAW_Data!J1464:J1493) -> 1.2347216
A54: =AVERAGE(RAW_Data!A1494:A1523) -> 0 | B54: =AVERAGE(RAW_Data!B1494:B1523) -> -12 | C54: =AVERAGE(RAW_Data!E1494:E1523) -> 0 | D54: =AVERAGE(RAW_Data!F1494:F1523) -> 187.03333 | E54: =AVERAGE(RAW_Data!G1494:G1523) -> -60 | F54: =AVERAGE(RAW_Data!H1494:H1523) -> -60 | G54: =AVERAGE(RAW_Data!I1494:I1523) -> -17.097396 | H54: =AVERAGE(RAW_Data!J1494:J1523) -> -31.120833 | I54: =STDEV(RAW_Data!F1494:F1523) -> 2.1573185 | J54: =STDEV(RAW_Data!G1494:G1523) -> 0 | K54: =STDEV(RAW_Data!H1494:H1523) -> 0 | L54: =STDEV(RAW_Data!I1494:I1523) -> 0.68818152 | M54: =STDEV(RAW_Data!J1494:J1523) -> 1.3630452
A55: =AVERAGE(RAW_Data!A1524:A1553) -> 12 | B55: =AVERAGE(RAW_Data!B1524:B1553) -> -12 | C55: =AVERAGE(RAW_Data!E1524:E1553) -> 0 | D55: =AVERAGE(RAW_Data!F1524:F1553) -> 186.3 | E55: =AVERAGE(RAW_Data!G1524:G1553) -> -60 | F55: =AVERAGE(RAW_Data!H1524:H1553) -> -60 | G55: =AVERAGE(RAW_Data!I1524:I1553) -> -48.101042 | H55: =AVERAGE(RAW_Data!J1524:J1553) -> -36.682812 | I55: =STDEV(RAW_Data!F1524:F1553) -> 2.7561843 | J55: =STDEV(RAW_Data!G1524:G1553) -> 0 | K55: =STDEV(RAW_Data!H1524:H1553) -> 0 | L55: =STDEV(RAW_Data!I1524:I1553) -> 1.062696 | M55: =STDEV(RAW_Data!J1524:J1553) -> 1.1581063
A56: =AVERAGE(RAW_Data!A1555:A1584) -> 24 | B56: =AVERAGE(RAW_Data!B1555:B1584) -> -12 | C56: =AVERAGE(RAW_Data!E1555:E1584) -> 0 | D56: =AVERAGE(RAW_Data!F1555:F1584) -> 186.06667 | E56: =AVERAGE(RAW_Data!G1555:G1584) -> -60 | F56: =AVERAGE(RAW_Data!H1555:H1584) -> -60 | G56: =AVERAGE(RAW_Data!I1555:I1584) -> -76.789583 | H56: =AVERAGE(RAW_Data!J1555:J1584) -> -41.650521 | I56: =STDEV(RAW_Data!F1555:F1584) -> 2.8276142 | J56: =STDEV(RAW_Data!G1555:G1584) -> 0 | K56: =STDEV(RAW_Data!H1555:H1584) -> 0 | L56: =STDEV(RAW_Data!I1555:I1584) -> 0.96289014 | M56: =STDEV(RAW_Data!J1555:J1584) -> 1.7039897
A57: =AVERAGE(RAW_Data!A1586:A1615) -> 36 | B57: =AVERAGE(RAW_Data!B1586:B1615) -> -12 | C57: =AVERAGE(RAW_Data!E1586:E1615) -> 0 | D57: =AVERAGE(RAW_Data!F1586:F1615) -> 185.96667 | E57: =AVERAGE(RAW_Data!G1586:G1615) -> -60 | F57: =AVERAGE(RAW_Data!H1586:H1615) -> -60 | G57: =AVERAGE(RAW_Data!I1586:I1615) -> -99.758854 | H57: =AVERAGE(RAW_Data!J1586:J1615) -> -44.911979 | I57: =STDEV(RAW_Data!F1586:F1615) -> 3.2322015 | J57: =STDEV(RAW_Data!G1586:G1615) -> 0 | K57: =STDEV(RAW_Data!H1586:H1615) -> 0 | L57: =STDEV(RAW_Data!I1586:I1615) -> 1.002906 | M57: =STDEV(RAW_Data!J1586:J1615) -> 1.7861985
A58: =AVERAGE(RAW_Data!A1616:A1645) -> 48 | B58: =AVERAGE(RAW_Data!B1616:B1645) -> -12 | C58: =AVERAGE(RAW_Data!E1616:E1645) -> 0 | D58: =AVERAGE(RAW_Data!F1616:F1645) -> 186.7 | E58: =AVERAGE(RAW_Data!G1616:G1645) -> -60 | F58: =AVERAGE(RAW_Data!H1616:H1645) -> -60 | G58: =AVERAGE(RAW_Data!I1616:I1645) -> -120.66406 | H58: =AVERAGE(RAW_Data!J1616:J1645) -> -48.091667 | I58: =STDEV(RAW_Data!F1616:F1645) -> 3.0754871 | J58: =STDEV(RAW_Data!G1616:G1645) -> 0 | K58: =STDEV(RAW_Data!H1616:H1645) -> 0 | L58: =STDEV(RAW_Data!I1616:I1645) -> 1.1854192 | M58: =STDEV(RAW_Data!J1616:J1645) -> 2.69401
A59: =AVERAGE(RAW_Data!A1647:A1676) -> 60 | B59: =AVERAGE(RAW_Data!B1647:B1676) -> -12 | C59: =AVERAGE(RAW_Data!E1647:E1676) -> 0 | D59: =AVERAGE(RAW_Data!F1647:F1676) -> 184.2 | E59: =AVERAGE(RAW_Data!G1647:G1676) -> -60 | F59: =AVERAGE(RAW_Data!H1647:H1676) -> -60 | G59: =AVERAGE(RAW_Data!I1647:I1676) -> -135.59531 | H59: =AVERAGE(RAW_Data!J1647:J1676) -> -34.277083 | I59: =STDEV(RAW_Data!F1647:F1676) -> 3.3671844 | J59: =STDEV(RAW_Data!G1647:G1676) -> 0 | K59: =STDEV(RAW_Data!H1647:H1676) -> 0 | L59: =STDEV(RAW_Data!I1647:I1676) -> 1.2906076 | M59: =STDEV(RAW_Data!J1647:J1676) -> 2.1435036
A60: =AVERAGE(RAW_Data!A1677:A1706) -> -60 | B60: =AVERAGE(RAW_Data!B1677:B1706) -> 0 | C60: =AVERAGE(RAW_Data!E1677:E1706) -> 0 | D60: =AVERAGE(RAW_Data!F1677:F1706) -> 187.16667 | E60: =AVERAGE(RAW_Data!G1677:G1706) -> -60 | F60: =AVERAGE(RAW_Data!H1677:H1706) -> -60 | G60: =AVERAGE(RAW_Data!I1677:I1706) -> 124.90104 | H60: =AVERAGE(RAW_Data!J1677:J1706) -> 12.267708 | I60: =STDEV(RAW_Data!F1677:F1706) -> 2.560756 | J60: =STDEV(RAW_Data!G1677:G1706) -> 0 | K60: =STDEV(RAW_Data!H1677:H1706) -> 0 | L60: =STDEV(RAW_Data!I1677:I1706) -> 1.072267 | M60: =STDEV(RAW_Data!J1677:J1706) -> 3.2339904
A61: =AVERAGE(RAW_Data!A1707:A1736) -> -48 | B61: =AVERAGE(RAW_Data!B1707:B1736) -> 0 | C61: =AVERAGE(RAW_Data!E1707:E1736) -> 0 | D61: =AVERAGE(RAW_Data!F1707:F1736) -> 187.63333 | E61: =AVERAGE(RAW_Data!G1707:G1736) -> -60 | F61: =AVERAGE(RAW_Data!H1707:H1736) -> -60 | G61: =AVERAGE(RAW_Data!I1707:I1736) -> 100.20781 | H61: =AVERAGE(RAW_Data!J1707:J1736) -> 17.05625 | I61: =STDEV(RAW_Data!F1707:F1736) -> 2.0924055 | J61: =STDEV(RAW_Data!G1707:G1736) -> 0 | K61: =STDEV(RAW_Data!H1707:H1736) -> 0 | L61: =STDEV(RAW_Data!I1707:I1736) -> 1.1323109 | M61: =STDEV(RAW_Data!J1707:J1736) -> 1.6483148
A62: =AVERAGE(RAW_Data!A1737:A1766) -> -36 | B62: =AVERAGE(RAW_Data!B1737:B1766) -> 0 | C62: =AVERAGE(RAW_Data!E1737:E1766) -> 0 | D62: =AVERAGE(RAW_Data!F1737:F1766) -> 188.43333 | E62: =AVERAGE(RAW_Data!G1737:G1766) -> -60 | F62: =AVERAGE(RAW_Data!H1737:H1766) -> -60 | G62: =AVERAGE(RAW_Data!I1737:I1766) -> 81.581771 | H62: =AVERAGE(RAW_Data!J1737:J1766) -> 13.063542 | I62: =STDEV(RAW_Data!F1737:F1766) -> 1.7157151 | J62: =STDEV(RAW_Data!G1737:G1766) -> 0 | K62: =STDEV(RAW_Data!H1737:H1766) -> 0 | L62: =STDEV(RAW_Data!I1737:I1766) -> 1.4287159 | M62: =STDEV(RAW_Data!J1737:J1766) -> 1.3142623
A63: =AVERAGE(RAW_Data!A1767:A1796) -> -24 | B63: =AVERAGE(RAW_Data!B1767:B1796) -> 0 | C63: =AVERAGE(RAW_Data!E1767:E1796) -> 0 | D63: =AVERAGE(RAW_Data!F1767:F1796) -> 187.03333 | E63: =AVERAGE(RAW_Data!G1767:G1796) -> -60 | F63: =AVERAGE(RAW_Data!H1767:H1796) -> -60 | G63: =AVERAGE(RAW_Data!I1767:I1796) -> 54.045313 | H63: =AVERAGE(RAW_Data!J1767:J1796) -> 4.7526042 | I63: =STDEV(RAW_Data!F1767:F1796) -> 2.4138013 | J63: =STDEV(RAW_Data!G1767:G1796) -> 0 | K63: =STDEV(RAW_Data!H1767:H1796) -> 0 | L63: =STDEV(RAW_Data!I1767:I1796) -> 0.76595315 | M63: =STDEV(RAW_Data!J1767:J1796) -> 1.3005542
A64: =AVERAGE(RAW_Data!A1797:A1826) -> -12 | B64: =AVERAGE(RAW_Data!B1797:B1826) -> 0 | C64: =AVERAGE(RAW_Data!E1797:E1826) -> 0 | D64: =AVERAGE(RAW_Data!F1797:F1826) -> 186.03333 | E64: =AVERAGE(RAW_Data!G1797:G1826) -> -60 | F64: =AVERAGE(RAW_Data!H1797:H1826) -> -60 | G64: =AVERAGE(RAW_Data!I1797:I1826) -> 16.243229 | H64: =AVERAGE(RAW_Data!J1797:J1826) -> -3.6786458 | I64: =STDEV(RAW_Data!F1797:F1826) -> 2.1412747 | J64: =STDEV(RAW_Data!G1797:G1826) -> 0 | K64: =STDEV(RAW_Data!H1797:H1826) -> 0 | L64: =STDEV(RAW_Data!I1797:I1826) -> 1.1172633 | M64: =STDEV(RAW_Data!J1797:J1826) -> 1.6320547
A65: =AVERAGE(RAW_Data!A1827:A1856) -> 0 | B65: =AVERAGE(RAW_Data!B1827:B1856) -> 0 | C65: =AVERAGE(RAW_Data!E1827:E1856) -> 0 | D65: =AVERAGE(RAW_Data!F1827:F1856) -> 185.86667 | E65: =AVERAGE(RAW_Data!G1827:G1856) -> -60 | F65: =AVERAGE(RAW_Data!H1827:H1856) -> -60 | G65: =AVERAGE(RAW_Data!I1827:I1856) -> -16.538542 | H65: =AVERAGE(RAW_Data!J1827:J1856) -> -7.0630208 | I65: =STDEV(RAW_Data!F1827:F1856) -> 2.012604 | J65: =STDEV(RAW_Data!G1827:G1856) -> 0 | K65: =STDEV(RAW_Data!H1827:H1856) -> 0 | L65: =STDEV(RAW_Data!I1827:I1856) -> 0.95281787 | M65: =STDEV(RAW_Data!J1827:J1856) -> 1.2895187
A66: =AVERAGE(RAW_Data!A1858:A1887) -> 12 | B66: =AVERAGE(RAW_Data!B1858:B1887) -> 0 | C66: =AVERAGE(RAW_Data!E1858:E1887) -> 0 | D66: =AVERAGE(RAW_Data!F1858:F1887) -> 186.2 | E66: =AVERAGE(RAW_Data!G1858:G1887) -> -60 | F66: =AVERAGE(RAW_Data!H1858:H1887) -> -60 | G66: =AVERAGE(RAW_Data!I1858:I1887) -> -41.877604 | H66: =AVERAGE(RAW_Data!J1858:J1887) -> -8.8130208 | I66: =STDEV(RAW_Data!F1858:F1887) -> 2.1559861 | J66: =STDEV(RAW_Data!G1858:G1887) -> 0 | K66: =STDEV(RAW_Data!H1858:H1887) -> 0 | L66: =STDEV(RAW_Data!I1858:I1887) -> 0.89537247 | M66: =STDEV(RAW_Data!J1858:J1887) -> 1.3170877
A67: =AVERAGE(RAW_Data!A1889:A1918) -> 24 | B67: =AVERAGE(RAW_Data!B1889:B1918) -> 0 | C67: =AVERAGE(RAW_Data!E1889:E1918) -> 0 | D67: =AVERAGE(RAW_Data!F1889:F1918) -> 186.5 | E67: =AVERAGE(RAW_Data!G1889:G1918) -> -60 | F67: =AVERAGE(RAW_Data!H1889:H1918) -> -60 | G67: =AVERAGE(RAW_Data!I1889:I1918) -> -73.403125 | H67: =AVERAGE(RAW_Data!J1889:J1918) -> -9.1401042 | I67: =STDEV(RAW_Data!F1889:F1918) -> 2.1615767 | J67: =STDEV(RAW_Data!G1889:G1918) -> 0 | K67: =STDEV(RAW_Data!H1889:H1918) -> 0 | L67: =STDEV(RAW_Data!I1889:I1918) -> 1.3475438 | M67: =STDEV(RAW_Data!J1889:J1918) -> 1.2349067
A68: =AVERAGE(RAW_Data!A1919:A1948) -> 36 | B68: =AVERAGE(RAW_Data!B1919:B1948) -> 0 | C68: =AVERAGE(RAW_Data!E1919:E1948) -> 0 | D68: =AVERAGE(RAW_Data!F1919:F1948) -> 186.1 | E68: =AVERAGE(RAW_Data!G1919:G1948) -> -60 | F68: =AVERAGE(RAW_Data!H1919:H1948) -> -60 | G68: =AVERAGE(RAW_Data!I1919:I1948) -> -95.703125 | H68: =AVERAGE(RAW_Data!J1919:J1948) -> -11.127604 | I68: =STDEV(RAW_Data!F1919:F1948) -> 1.8260566 | J68: =STDEV(RAW_Data!G1919:G1948) -> 0 | K68: =STDEV(RAW_Data!H1919:H1948) -> 0 | L68: =STDEV(RAW_Data!I1919:I1948) -> 0.75938143 | M68: =STDEV(RAW_Data!J1919:J1948) -> 1.4605713
A69: =AVERAGE(RAW_Data!A1950:A1979) -> 48 | B69: =AVERAGE(RAW_Data!B1950:B1979) -> 0 | C69: =AVERAGE(RAW_Data!E1950:E1979) -> 0 | D69: =AVERAGE(RAW_Data!F1950:F1979) -> 185.7 | E69: =AVERAGE(RAW_Data!G1950:G1979) -> -60 | F69: =AVERAGE(RAW_Data!H1950:H1979) -> -60 | G69: =AVERAGE(RAW_Data!I1950:I1979) -> -114.26406 | H69: =AVERAGE(RAW_Data!J1950:J1979) -> -14.572917 | I69: =STDEV(RAW_Data!F1950:F1979) -> 2.3657032 | J69: =STDEV(RAW_Data!G1950:G1979) -> 0 | K69: =STDEV(RAW_Data!H1950:H1979) -> 0 | L69: =STDEV(RAW_Data!I1950:I1979) -> 1.0844381 | M69: =STDEV(RAW_Data!J1950:J1979) -> 1.6327543
A70: =AVERAGE(RAW_Data!A1980:A2009) -> 60 | B70: =AVERAGE(RAW_Data!B1980:B2009) -> 0 | C70: =AVERAGE(RAW_Data!E1980:E2009) -> 0 | D70: =AVERAGE(RAW_Data!F1980:F2009) -> 183.76667 | E70: =AVERAGE(RAW_Data!G1980:G2009) -> -60 | F70: =AVERAGE(RAW_Data!H1980:H2009) -> -60 | G70: =AVERAGE(RAW_Data!I1980:I2009) -> -131.5099 | H70: =AVERAGE(RAW_Data!J1980:J2009) -> -14.100521 | I70: =STDEV(RAW_Data!F1980:F2009) -> 1.8695995 | J70: =STDEV(RAW_Data!G1980:G2009) -> 0 | K70: =STDEV(RAW_Data!H1980:H2009) -> 0 | L70: =STDEV(RAW_Data!I1980:I2009) -> 1.0316702 | M70: =STDEV(RAW_Data!J1980:J2009) -> 1.9187895
A71: =AVERAGE(RAW_Data!A2010:A2039) -> -60 | B71: =AVERAGE(RAW_Data!B2010:B2039) -> 12 | C71: =AVERAGE(RAW_Data!E2010:E2039) -> 0 | D71: =AVERAGE(RAW_Data!F2010:F2039) -> 188.33333 | E71: =AVERAGE(RAW_Data!G2010:G2039) -> -60 | F71: =AVERAGE(RAW_Data!H2010:H2039) -> -60 | G71: =AVERAGE(RAW_Data!I2010:I2039) -> 119.39375 | H71: =AVERAGE(RAW_Data!J2010:J2039) -> 29.129687 | I71: =STDEV(RAW_Data!F2010:F2039) -> 3.4072269 | J71: =STDEV(RAW_Data!G2010:G2039) -> 0 | K71: =STDEV(RAW_Data!H2010:H2039) -> 0 | L71: =STDEV(RAW_Data!I2010:I2039) -> 0.98644163 | M71: =STDEV(RAW_Data!J2010:J2039) -> 2.1083437
A72: =AVERAGE(RAW_Data!A2040:A2069) -> -48 | B72: =AVERAGE(RAW_Data!B2040:B2069) -> 12 | C72: =AVERAGE(RAW_Data!E2040:E2069) -> 0 | D72: =AVERAGE(RAW_Data!F2040:F2069) -> 187 | E72: =AVERAGE(RAW_Data!G2040:G2069) -> -60 | F72: =AVERAGE(RAW_Data!H2040:H2069) -> -60 | G72: =AVERAGE(RAW_Data!I2040:I2069) -> 94.0625 | H72: =AVERAGE(RAW_Data!J2040:J2069) -> 40.236458 | I72: =STDEV(RAW_Data!F2040:F2069) -> 3.3733233 | J72: =STDEV(RAW_Data!G2040:G2069) -> 0 | K72: =STDEV(RAW_Data!H2040:H2069) -> 0 | L72: =STDEV(RAW_Data!I2040:I2069) -> 0.73882661 | M72: =STDEV(RAW_Data!J2040:J2069) -> 2.0969069
A73: =AVERAGE(RAW_Data!A2070:A2099) -> -36 | B73: =AVERAGE(RAW_Data!B2070:B2099) -> 12 | C73: =AVERAGE(RAW_Data!E2070:E2099) -> 0 | D73: =AVERAGE(RAW_Data!F2070:F2099) -> 187.73333 | E73: =AVERAGE(RAW_Data!G2070:G2099) -> -60 | F73: =AVERAGE(RAW_Data!H2070:H2099) -> -60 | G73: =AVERAGE(RAW_Data!I2070:I2099) -> 74.044792 | H73: =AVERAGE(RAW_Data!J2070:J2099) -> 42.043229 | I73: =STDEV(RAW_Data!F2070:F2099) -> 3.2688006 | J73: =STDEV(RAW_Data!G2070:G2099) -> 0 | K73: =STDEV(RAW_Data!H2070:H2099) -> 0 | L73: =STDEV(RAW_Data!I2070:I2099) -> 0.82766978 | M73: =STDEV(RAW_Data!J2070:J2099) -> 1.2075893
A74: =AVERAGE(RAW_Data!A2100:A2129) -> -24 | B74: =AVERAGE(RAW_Data!B2100:B2129) -> 12 | C74: =AVERAGE(RAW_Data!E2100:E2129) -> 0 | D74: =AVERAGE(RAW_Data!F2100:F2129) -> 187.36667 | E74: =AVERAGE(RAW_Data!G2100:G2129) -> -60 | F74: =AVERAGE(RAW_Data!H2100:H2129) -> -60 | G74: =AVERAGE(RAW_Data!I2100:I2129) -> 51.309896 | H74: =AVERAGE(RAW_Data!J2100:J2129) -> 43.428646 | I74: =STDEV(RAW_Data!F2100:F2129) -> 2.7099222 | J74: =STDEV(RAW_Data!G2100:G2129) -> 0 | K74: =STDEV(RAW_Data!H2100:H2129) -> 0 | L74: =STDEV(RAW_Data!I2100:I2129) -> 0.89534427 | M74: =STDEV(RAW_Data!J2100:J2129) -> 1.661734
A75: =AVERAGE(RAW_Data!A2131:A2160) -> -12 | B75: =AVERAGE(RAW_Data!B2131:B2160) -> 12 | C75: =AVERAGE(RAW_Data!E2131:E2160) -> 0 | D75: =AVERAGE(RAW_Data!F2131:F2160) -> 187.5 | E75: =AVERAGE(RAW_Data!G2131:G2160) -> -60 | F75: =AVERAGE(RAW_Data!H2131:H2160) -> -60 | G75: =AVERAGE(RAW_Data!I2131:I2160) -> 14.804167 | H75: =AVERAGE(RAW_Data!J2131:J2160) -> 36.807292 | I75: =STDEV(RAW_Data!F2131:F2160) -> 3.1376468 | J75: =STDEV(RAW_Data!G2131:G2160) -> 0 | K75: =STDEV(RAW_Data!H2131:H2160) -> 0 | L75: =STDEV(RAW_Data!I2131:I2160) -> 1.0949634 | M75: =STDEV(RAW_Data!J2131:J2160) -> 1.3904726
A76: =AVERAGE(RAW_Data!A2161:A2190) -> 0 | B76: =AVERAGE(RAW_Data!B2161:B2190) -> 12 | C76: =AVERAGE(RAW_Data!E2161:E2190) -> 0 | D76: =AVERAGE(RAW_Data!F2161:F2190) -> 186.3 | E76: =AVERAGE(RAW_Data!G2161:G2190) -> -60 | F76: =AVERAGE(RAW_Data!H2161:H2190) -> -60 | G76: =AVERAGE(RAW_Data!I2161:I2190) -> -16.90625 | H76: =AVERAGE(RAW_Data!J2161:J2190) -> 30.056771 | I76: =STDEV(RAW_Data!F2161:F2190) -> 2.5481569 | J76: =STDEV(RAW_Data!G2161:G2190) -> 0 | K76: =STDEV(RAW_Data!H2161:H2190) -> 0 | L76: =STDEV(RAW_Data!I2161:I2190) -> 1.0250844 | M76: =STDEV(RAW_Data!J2161:J2190) -> 1.325371
A77: =AVERAGE(RAW_Data!A2191:A2220) -> 12 | B77: =AVERAGE(RAW_Data!B2191:B2220) -> 12 | C77: =AVERAGE(RAW_Data!E2191:E2220) -> 0 | D77: =AVERAGE(RAW_Data!F2191:F2220) -> 186.66667 | E77: =AVERAGE(RAW_Data!G2191:G2220) -> -60 | F77: =AVERAGE(RAW_Data!H2191:H2220) -> -60 | G77: =AVERAGE(RAW_Data!I2191:I2220) -> -44.604687 | H77: =AVERAGE(RAW_Data!J2191:J2220) -> 24.271875 | I77: =STDEV(RAW_Data!F2191:F2220) -> 2.1866891 | J77: =STDEV(RAW_Data!G2191:G2220) -> 0 | K77: =STDEV(RAW_Data!H2191:H2220) -> 0 | L77: =STDEV(RAW_Data!I2191:I2220) -> 0.99459874 | M77: =STDEV(RAW_Data!J2191:J2220) -> 1.1967834
A78: =AVERAGE(RAW_Data!A2222:A2251) -> 24 | B78: =AVERAGE(RAW_Data!B2222:B2251) -> 12 | C78: =AVERAGE(RAW_Data!E2222:E2251) -> 0 | D78: =AVERAGE(RAW_Data!F2222:F2251) -> 187.06667 | E78: =AVERAGE(RAW_Data!G2222:G2251) -> -60 | F78: =AVERAGE(RAW_Data!H2222:H2251) -> -60 | G78: =AVERAGE(RAW_Data!I2222:I2251) -> -74.413542 | H78: =AVERAGE(RAW_Data!J2222:J2251) -> 19.579687 | I78: =STDEV(RAW_Data!F2222:F2251) -> 2.4765567 | J78: =STDEV(RAW_Data!G2222:G2251) -> 0 | K78: =STDEV(RAW_Data!H2222:H2251) -> 0 | L78: =STDEV(RAW_Data!I2222:I2251) -> 1.3963115 | M78: =STDEV(RAW_Data!J2222:J2251) -> 1.7934884
A79: =AVERAGE(RAW_Data!A2253:A2282) -> 36 | B79: =AVERAGE(RAW_Data!B2253:B2282) -> 12 | C79: =AVERAGE(RAW_Data!E2253:E2282) -> 0 | D79: =AVERAGE(RAW_Data!F2253:F2282) -> 185.83333 | E79: =AVERAGE(RAW_Data!G2253:G2282) -> -60 | F79: =AVERAGE(RAW_Data!H2253:H2282) -> -60 | G79: =AVERAGE(RAW_Data!I2253:I2282) -> -95.499479 | H79: =AVERAGE(RAW_Data!J2253:J2282) -> 12.585417 | I79: =STDEV(RAW_Data!F2253:F2282) -> 2.8294429 | J79: =STDEV(RAW_Data!G2253:G2282) -> 0 | K79: =STDEV(RAW_Data!H2253:H2282) -> 0 | L79: =STDEV(RAW_Data!I2253:I2282) -> 0.98280855 | M79: =STDEV(RAW_Data!J2253:J2282) -> 2.0378198
A80: =AVERAGE(RAW_Data!A2284:A2313) -> 48 | B80: =AVERAGE(RAW_Data!B2284:B2313) -> 12 | C80: =AVERAGE(RAW_Data!E2284:E2313) -> 0 | D80: =AVERAGE(RAW_Data!F2284:F2313) -> 186.83333 | E80: =AVERAGE(RAW_Data!G2284:G2313) -> -60 | F80: =AVERAGE(RAW_Data!H2284:H2313) -> -60 | G80: =AVERAGE(RAW_Data!I2284:I2313) -> -115.42188 | H80: =AVERAGE(RAW_Data!J2284:J2313) -> 6.096875 | I80: =STDEV(RAW_Data!F2284:F2313) -> 3.0747395 | J80: =STDEV(RAW_Data!G2284:G2313) -> 0 | K80: =STDEV(RAW_Data!H2284:H2313) -> 0 | L80: =STDEV(RAW_Data!I2284:I2313) -> 1.5694726 | M80: =STDEV(RAW_Data!J2284:J2313) -> 2.0143837
A81: =AVERAGE(RAW_Data!A2314:A2343) -> 60 | B81: =AVERAGE(RAW_Data!B2314:B2343) -> 12 | C81: =AVERAGE(RAW_Data!E2314:E2343) -> 0 | D81: =AVERAGE(RAW_Data!F2314:F2343) -> 185.76667 | E81: =AVERAGE(RAW_Data!G2314:G2343) -> -60 | F81: =AVERAGE(RAW_Data!H2314:H2343) -> -60 | G81: =AVERAGE(RAW_Data!I2314:I2343) -> -129.84896 | H81: =AVERAGE(RAW_Data!J2314:J2343) -> 1.9791667 | I81: =STDEV(RAW_Data!F2314:F2343) -> 3.0702503 | J81: =STDEV(RAW_Data!G2314:G2343) -> 0 | K81: =STDEV(RAW_Data!H2314:H2343) -> 0 | L81: =STDEV(RAW_Data!I2314:I2343) -> 1.2868251 | M81: =STDEV(RAW_Data!J2314:J2343) -> 1.9890779
A82: =AVERAGE(RAW_Data!A2344:A2373) -> -60 | B82: =AVERAGE(RAW_Data!B2344:B2373) -> 24 | C82: =AVERAGE(RAW_Data!E2344:E2373) -> 0 | D82: =AVERAGE(RAW_Data!F2344:F2373) -> 188.5 | E82: =AVERAGE(RAW_Data!G2344:G2373) -> -60 | F82: =AVERAGE(RAW_Data!H2344:H2373) -> -60 | G82: =AVERAGE(RAW_Data!I2344:I2373) -> 117.79688 | H82: =AVERAGE(RAW_Data!J2344:J2373) -> 35.258854 | I82: =STDEV(RAW_Data!F2344:F2373) -> 2.7005747 | J82: =STDEV(RAW_Data!G2344:G2373) -> 0 | K82: =STDEV(RAW_Data!H2344:H2373) -> 0 | L82: =STDEV(RAW_Data!I2344:I2373) -> 0.99984845 | M82: =STDEV(RAW_Data!J2344:J2373) -> 2.733036
A83: =AVERAGE(RAW_Data!A2374:A2403) -> -48 | B83: =AVERAGE(RAW_Data!B2374:B2403) -> 24 | C83: =AVERAGE(RAW_Data!E2374:E2403) -> 0 | D83: =AVERAGE(RAW_Data!F2374:F2403) -> 186.86667 | E83: =AVERAGE(RAW_Data!G2374:G2403) -> -60 | F83: =AVERAGE(RAW_Data!H2374:H2403) -> -60 | G83: =AVERAGE(RAW_Data!I2374:I2403) -> 98.461979 | H83: =AVERAGE(RAW_Data!J2374:J2403) -> 47.017187 | I83: =STDEV(RAW_Data!F2374:F2403) -> 3.5499717 | J83: =STDEV(RAW_Data!G2374:G2403) -> 0 | K83: =STDEV(RAW_Data!H2374:H2403) -> 0 | L83: =STDEV(RAW_Data!I2374:I2403) -> 1.1531345 | M83: =STDEV(RAW_Data!J2374:J2403) -> 2.8115161
A84: =AVERAGE(RAW_Data!A2405:A2434) -> -36 | B84: =AVERAGE(RAW_Data!B2405:B2434) -> 24 | C84: =AVERAGE(RAW_Data!E2405:E2434) -> 0 | D84: =AVERAGE(RAW_Data!F2405:F2434) -> 187.66667 | E84: =AVERAGE(RAW_Data!G2405:G2434) -> -60 | F84: =AVERAGE(RAW_Data!H2405:H2434) -> -60 | G84: =AVERAGE(RAW_Data!I2405:I2434) -> 78.624479 | H84: =AVERAGE(RAW_Data!J2405:J2434) -> 53.469792 | I84: =STDEV(RAW_Data!F2405:F2434) -> 2.783366 | J84: =STDEV(RAW_Data!G2405:G2434) -> 0 | K84: =STDEV(RAW_Data!H2405:H2434) -> 0 | L84: =STDEV(RAW_Data!I2405:I2434) -> 0.93798913 | M84: =STDEV(RAW_Data!J2405:J2434) -> 2.0117722
A85: =AVERAGE(RAW_Data!A2435:A2464) -> -24 | B85: =AVERAGE(RAW_Data!B2435:B2464) -> 24 | C85: =AVERAGE(RAW_Data!E2435:E2464) -> 0 | D85: =AVERAGE(RAW_Data!F2435:F2464) -> 188.46667 | E85: =AVERAGE(RAW_Data!G2435:G2464) -> -60 | F85: =AVERAGE(RAW_Data!H2435:H2464) -> -60 | G85: =AVERAGE(RAW_Data!I2435:I2464) -> 53.058333 | H85: =AVERAGE(RAW_Data!J2435:J2464) -> 58.547917 | I85: =STDEV(RAW_Data!F2435:F2464) -> 3.2877341 | J85: =STDEV(RAW_Data!G2435:G2464) -> 0 | K85: =STDEV(RAW_Data!H2435:H2464) -> 0 | L85: =STDEV(RAW_Data!I2435:I2464) -> 0.59005105 | M85: =STDEV(RAW_Data!J2435:J2464) -> 1.5201587
A86: =AVERAGE(RAW_Data!A2465:A2494) -> -12 | B86: =AVERAGE(RAW_Data!B2465:B2494) -> 24 | C86: =AVERAGE(RAW_Data!E2465:E2494) -> 0 | D86: =AVERAGE(RAW_Data!F2465:F2494) -> 186.36667 | E86: =AVERAGE(RAW_Data!G2465:G2494) -> -60 | F86: =AVERAGE(RAW_Data!H2465:H2494) -> -60 | G86: =AVERAGE(RAW_Data!I2465:I2494) -> 28.801042 | H86: =AVERAGE(RAW_Data!J2465:J2494) -> 61.654167 | I86: =STDEV(RAW_Data!F2465:F2494) -> 2.8945053 | J86: =STDEV(RAW_Data!G2465:G2494) -> 0 | K86: =STDEV(RAW_Data!H2465:H2494) -> 0 | L86: =STDEV(RAW_Data!I2465:I2494) -> 0.9616233 | M86: =STDEV(RAW_Data!J2465:J2494) -> 1.5152096
A87: =AVERAGE(RAW_Data!A2495:A2524) -> 0 | B87: =AVERAGE(RAW_Data!B2495:B2524) -> 24 | C87: =AVERAGE(RAW_Data!E2495:E2524) -> 0 | D87: =AVERAGE(RAW_Data!F2495:F2524) -> 186.9 | E87: =AVERAGE(RAW_Data!G2495:G2524) -> -60 | F87: =AVERAGE(RAW_Data!H2495:H2524) -> -60 | G87: =AVERAGE(RAW_Data!I2495:I2524) -> -1.3822917 | H87: =AVERAGE(RAW_Data!J2495:J2524) -> 64.476042 | I87: =STDEV(RAW_Data!F2495:F2524) -> 2.6175798 | J87: =STDEV(RAW_Data!G2495:G2524) -> 0 | K87: =STDEV(RAW_Data!H2495:H2524) -> 0 | L87: =STDEV(RAW_Data!I2495:I2524) -> 0.79813365 | M87: =STDEV(RAW_Data!J2495:J2524) -> 1.6081726
A88: =AVERAGE(RAW_Data!A2525:A2554) -> 12 | B88: =AVERAGE(RAW_Data!B2525:B2554) -> 24 | C88: =AVERAGE(RAW_Data!E2525:E2554) -> 0 | D88: =AVERAGE(RAW_Data!F2525:F2554) -> 184.43333 | E88: =AVERAGE(RAW_Data!G2525:G2554) -> -60 | F88: =AVERAGE(RAW_Data!H2525:H2554) -> -60 | G88: =AVERAGE(RAW_Data!I2525:I2554) -> -33.235417 | H88: =AVERAGE(RAW_Data!J2525:J2554) -> 61.878646 | I88: =STDEV(RAW_Data!F2525:F2554) -> 3.1037612 | J88: =STDEV(RAW_Data!G2525:G2554) -> 0 | K88: =STDEV(RAW_Data!H2525:H2554) -> 0 | L88: =STDEV(RAW_Data!I2525:I2554) -> 0.72519753 | M88: =STDEV(RAW_Data!J2525:J2554) -> 1.2828305
A89: =AVERAGE(RAW_Data!A2555:A2584) -> 24 | B89: =AVERAGE(RAW_Data!B2555:B2584) -> 24 | C89: =AVERAGE(RAW_Data!E2555:E2584) -> 0 | D89: =AVERAGE(RAW_Data!F2555:F2584) -> 184.53333 | E89: =AVERAGE(RAW_Data!G2555:G2584) -> -60 | F89: =AVERAGE(RAW_Data!H2555:H2584) -> -60 | G89: =AVERAGE(RAW_Data!I2555:I2584) -> -64.598438 | H89: =AVERAGE(RAW_Data!J2555:J2584) -> 52.075 | I89: =STDEV(RAW_Data!F2555:F2584) -> 3.6740782 | J89: =STDEV(RAW_Data!G2555:G2584) -> 0 | K89: =STDEV(RAW_Data!H2555:H2584) -> 0 | L89: =STDEV(RAW_Data!I2555:I2584) -> 1.0258245 | M89: =STDEV(RAW_Data!J2555:J2584) -> 1.7418385
A90: =AVERAGE(RAW_Data!A2585:A2614) -> 36 | B90: =AVERAGE(RAW_Data!B2585:B2614) -> 24 | C90: =AVERAGE(RAW_Data!E2585:E2614) -> 0 | D90: =AVERAGE(RAW_Data!F2585:F2614) -> 185 | E90: =AVERAGE(RAW_Data!G2585:G2614) -> -60 | F90: =AVERAGE(RAW_Data!H2585:H2614) -> -60 | G90: =AVERAGE(RAW_Data!I2585:I2614) -> -93.913542 | H90: =AVERAGE(RAW_Data!J2585:J2614) -> 33.460938 | I90: =STDEV(RAW_Data!F2585:F2614) -> 3.750862 | J90: =STDEV(RAW_Data!G2585:G2614) -> 0 | K90: =STDEV(RAW_Data!H2585:H2614) -> 0 | L90: =STDEV(RAW_Data!I2585:I2614) -> 1.5597267 | M90: =STDEV(RAW_Data!J2585:J2614) -> 1.7377998
A91: =AVERAGE(RAW_Data!A2615:A2644) -> 48 | B91: =AVERAGE(RAW_Data!B2615:B2644) -> 24 | C91: =AVERAGE(RAW_Data!E2615:E2644) -> 0 | D91: =AVERAGE(RAW_Data!F2615:F2644) -> 189 | E91: =AVERAGE(RAW_Data!G2615:G2644) -> -60 | F91: =AVERAGE(RAW_Data!H2615:H2644) -> -60 | G91: =AVERAGE(RAW_Data!I2615:I2644) -> -121.125 | H91: =AVERAGE(RAW_Data!J2615:J2644) -> 16.272396 | I91: =STDEV(RAW_Data!F2615:F2644) -> 2.8647681 | J91: =STDEV(RAW_Data!G2615:G2644) -> 0 | K91: =STDEV(RAW_Data!H2615:H2644) -> 0 | L91: =STDEV(RAW_Data!I2615:I2644) -> 2.0810013 | M91: =STDEV(RAW_Data!J2615:J2644) -> 2.2264342
A92: =AVERAGE(RAW_Data!A2645:A2674) -> 60 | B92: =AVERAGE(RAW_Data!B2645:B2674) -> 24 | C92: =AVERAGE(RAW_Data!E2645:E2674) -> 0 | D92: =AVERAGE(RAW_Data!F2645:F2674) -> 187.06667 | E92: =AVERAGE(RAW_Data!G2645:G2674) -> -60 | F92: =AVERAGE(RAW_Data!H2645:H2674) -> -60 | G92: =AVERAGE(RAW_Data!I2645:I2674) -> -134.91146 | H92: =AVERAGE(RAW_Data!J2645:J2674) -> 5.875 | I92: =STDEV(RAW_Data!F2645:F2674) -> 2.362543 | J92: =STDEV(RAW_Data!G2645:G2674) -> 0 | K92: =STDEV(RAW_Data!H2645:H2674) -> 0 | L92: =STDEV(RAW_Data!I2645:I2674) -> 1.6717936 | M92: =STDEV(RAW_Data!J2645:J2674) -> 1.5352582
A93: =AVERAGE(RAW_Data!A2675:A2704) -> -60 | B93: =AVERAGE(RAW_Data!B2675:B2704) -> 36 | C93: =AVERAGE(RAW_Data!E2675:E2704) -> 0 | D93: =AVERAGE(RAW_Data!F2675:F2704) -> 189.5 | E93: =AVERAGE(RAW_Data!G2675:G2704) -> -60 | F93: =AVERAGE(RAW_Data!H2675:H2704) -> -60 | G93: =AVERAGE(RAW_Data!I2675:I2704) -> 127.8651 | H93: =AVERAGE(RAW_Data!J2675:J2704) -> 50.445833 | I93: =STDEV(RAW_Data!F2675:F2704) -> 3.4715593 | J93: =STDEV(RAW_Data!G2675:G2704) -> 0 | K93: =STDEV(RAW_Data!H2675:H2704) -> 0 | L93: =STDEV(RAW_Data!I2675:I2704) -> 0.9158738 | M93: =STDEV(RAW_Data!J2675:J2704) -> 2.5573327
A94: =AVERAGE(RAW_Data!A2705:A2734) -> -48 | B94: =AVERAGE(RAW_Data!B2705:B2734) -> 36 | C94: =AVERAGE(RAW_Data!E2705:E2734) -> 0 | D94: =AVERAGE(RAW_Data!F2705:F2734) -> 188.8 | E94: =AVERAGE(RAW_Data!G2705:G2734) -> -60 | F94: =AVERAGE(RAW_Data!H2705:H2734) -> -60 | G94: =AVERAGE(RAW_Data!I2705:I2734) -> 119.82708 | H94: =AVERAGE(RAW_Data!J2705:J2734) -> 75.047396 | I94: =STDEV(RAW_Data!F2705:F2734) -> 3.3876042 | J94: =STDEV(RAW_Data!G2705:G2734) -> 0 | K94: =STDEV(RAW_Data!H2705:H2734) -> 0 | L94: =STDEV(RAW_Data!I2705:I2734) -> 1.3979396 | M94: =STDEV(RAW_Data!J2705:J2734) -> 2.2854365
A95: =AVERAGE(RAW_Data!A2736:A2765) -> -36 | B95: =AVERAGE(RAW_Data!B2736:B2765) -> 36 | C95: =AVERAGE(RAW_Data!E2736:E2765) -> 0 | D95: =AVERAGE(RAW_Data!F2736:F2765) -> 187.83333 | E95: =AVERAGE(RAW_Data!G2736:G2765) -> -60 | F95: =AVERAGE(RAW_Data!H2736:H2765) -> -60 | G95: =AVERAGE(RAW_Data!I2736:I2765) -> 89.151562 | H95: =AVERAGE(RAW_Data!J2736:J2765) -> 81.796875 | I95: =STDEV(RAW_Data!F2736:F2765) -> 2.9487968 | J95: =STDEV(RAW_Data!G2736:G2765) -> 0 | K95: =STDEV(RAW_Data!H2736:H2765) -> 0 | L95: =STDEV(RAW_Data!I2736:I2765) -> 1.4243398 | M95: =STDEV(RAW_Data!J2736:J2765) -> 1.5776528
A96: =AVERAGE(RAW_Data!A2766:A2795) -> -24 | B96: =AVERAGE(RAW_Data!B2766:B2795) -> 36 | C96: =AVERAGE(RAW_Data!E2766:E2795) -> 0 | D96: =AVERAGE(RAW_Data!F2766:F2795) -> 187.83333 | E96: =AVERAGE(RAW_Data!G2766:G2795) -> -60 | F96: =AVERAGE(RAW_Data!H2766:H2795) -> -60 | G96: =AVERAGE(RAW_Data!I2766:I2795) -> 60.309896 | H96: =AVERAGE(RAW_Data!J2766:J2795) -> 91.769792 | I96: =STDEV(RAW_Data!F2766:F2795) -> 3.0066975 | J96: =STDEV(RAW_Data!G2766:G2795) -> 0 | K96: =STDEV(RAW_Data!H2766:H2795) -> 0 | L96: =STDEV(RAW_Data!I2766:I2795) -> 0.87737404 | M96: =STDEV(RAW_Data!J2766:J2795) -> 1.5592905
A97: =AVERAGE(RAW_Data!A2797:A2826) -> -12 | B97: =AVERAGE(RAW_Data!B2797:B2826) -> 36 | C97: =AVERAGE(RAW_Data!E2797:E2826) -> 0 | D97: =AVERAGE(RAW_Data!F2797:F2826) -> 186.93333 | E97: =AVERAGE(RAW_Data!G2797:G2826) -> -60 | F97: =AVERAGE(RAW_Data!H2797:H2826) -> -60 | G97: =AVERAGE(RAW_Data!I2797:I2826) -> 21.609896 | H97: =AVERAGE(RAW_Data!J2797:J2826) -> 91.79375 | I97: =STDEV(RAW_Data!F2797:F2826) -> 3.0505323 | J97: =STDEV(RAW_Data!G2797:G2826) -> 0 | K97: =STDEV(RAW_Data!H2797:H2826) -> 0 | L97: =STDEV(RAW_Data!I2797:I2826) -> 1.3287523 | M97: =STDEV(RAW_Data!J2797:J2826) -> 1.36073
A98: =AVERAGE(RAW_Data!A2827:A2856) -> 0 | B98: =AVERAGE(RAW_Data!B2827:B2856) -> 36 | C98: =AVERAGE(RAW_Data!E2827:E2856) -> 0 | D98: =AVERAGE(RAW_Data!F2827:F2856) -> 187.26667 | E98: =AVERAGE(RAW_Data!G2827:G2856) -> -60 | F98: =AVERAGE(RAW_Data!H2827:H2856) -> -60 | G98: =AVERAGE(RAW_Data!I2827:I2856) -> -16.959896 | H98: =AVERAGE(RAW_Data!J2827:J2856) -> 89.828646 | I98: =STDEV(RAW_Data!F2827:F2856) -> 3.139661 | J98: =STDEV(RAW_Data!G2827:G2856) -> 0 | K98: =STDEV(RAW_Data!H2827:H2856) -> 0 | L98: =STDEV(RAW_Data!I2827:I2856) -> 1.7992029 | M98: =STDEV(RAW_Data!J2827:J2856) -> 1.4611326
A99: =AVERAGE(RAW_Data!A2857:A2886) -> 12 | B99: =AVERAGE(RAW_Data!B2857:B2886) -> 36 | C99: =AVERAGE(RAW_Data!E2857:E2886) -> 0 | D99: =AVERAGE(RAW_Data!F2857:F2886) -> 185.93333 | E99: =AVERAGE(RAW_Data!G2857:G2886) -> -60 | F99: =AVERAGE(RAW_Data!H2857:H2886) -> -60 | G99: =AVERAGE(RAW_Data!I2857:I2886) -> -41.802083 | H99: =AVERAGE(RAW_Data!J2857:J2886) -> 88.924479 | I99: =STDEV(RAW_Data!F2857:F2886) -> 3.750249 | J99: =STDEV(RAW_Data!G2857:G2886) -> 0 | K99: =STDEV(RAW_Data!H2857:H2886) -> 0 | L99: =STDEV(RAW_Data!I2857:I2886) -> 0.95875978 | M99: =STDEV(RAW_Data!J2857:J2886) -> 1.6708705
A100: =AVERAGE(RAW_Data!A2887:A2916) -> 24 | B100: =AVERAGE(RAW_Data!B2887:B2916) -> 36 | C100: =AVERAGE(RAW_Data!E2887:E2916) -> 0 | D100: =AVERAGE(RAW_Data!F2887:F2916) -> 185.23333 | E100: =AVERAGE(RAW_Data!G2887:G2916) -> -60 | F100: =AVERAGE(RAW_Data!H2887:H2916) -> -60 | G100: =AVERAGE(RAW_Data!I2887:I2916) -> -66.361458 | H100: =AVERAGE(RAW_Data!J2887:J2916) -> 84.254688 | I100: =STDEV(RAW_Data!F2887:F2916) -> 2.9674479 | J100: =STDEV(RAW_Data!G2887:G2916) -> 0 | K100: =STDEV(RAW_Data!H2887:H2916) -> 0 | L100: =STDEV(RAW_Data!I2887:I2916) -> 1.0720974 | M100: =STDEV(RAW_Data!J2887:J2916) -> 2.0894398
A101: =AVERAGE(RAW_Data!A2918:A2947) -> 36 | B101: =AVERAGE(RAW_Data!B2918:B2947) -> 36 | C101: =AVERAGE(RAW_Data!E2918:E2947) -> 0 | D101: =AVERAGE(RAW_Data!F2918:F2947) -> 185.13333 | E101: =AVERAGE(RAW_Data!G2918:G2947) -> -60 | F101: =AVERAGE(RAW_Data!H2918:H2947) -> -60 | G101: =AVERAGE(RAW_Data!I2918:I2947) -> -93.366146 | H101: =AVERAGE(RAW_Data!J2918:J2947) -> 63.7875 | I101: =STDEV(RAW_Data!F2918:F2947) -> 3.4314301 | J101: =STDEV(RAW_Data!G2918:G2947) -> 0 | K101: =STDEV(RAW_Data!H2918:H2947) -> 0 | L101: =STDEV(RAW_Data!I2918:I2947) -> 1.1078348 | M101: =STDEV(RAW_Data!J2918:J2947) -> 1.5595964
...
